peak_id	transcription_factor	comparison	SqDiff
MM1_HSA_A549_BHLHE40	BHLHE40	USF2	0.0359197805477127
MM1_HSA_A549_BHLHE40	BHLHE40	SREBF1	0.0462988844618612
MM1_HSA_A549_BHLHE40	BHLHE40	MYC	0.038963327032136105
MM1_HSA_A549_CEBPB	CEBPB	HES2	0.1902273733280035
MM1_HSA_A549_CEBPB	CEBPB	FOSL2	0.2786944318054353
MM1_HSA_A549_CEBPB	CEBPB	JUNB	0.2624853559670797
MM1_HSA_A549_CEBPB	CEBPB	JUN	0.4185830005993652
MM1_HSA_A549_JUNB	JUNB	NFE2L2	0.06858595193411317
MM1_HSA_A549_NFE2L2	NFE2L2	FOSL2	0.11768052557871381
MM1_HSA_A549_NFE2L2	NFE2L2	JUNB	0.15453173767696857
MM1_HSA_A549_SREBF1	SREBF1	SREBF1	0.0452292963314688
MM1_HSA_A549_SREBF1	SREBF1	USF2	0.060290784844746356
MM1_HSA_A549_SREBF1	SREBF1	BHLHE40	0.034741430622177084
MM1_HSA_A549_USF2	USF2	BHLHE40	0.037557796418285806
MM1_HSA_A549_USF2	USF2	MYC	0.06501773524565548
MM1_HSA_GM12878_ATF2	ATF2	CREB1	0.3228291029420612
MM1_HSA_GM12878_ATF2	ATF2	SPI1	0.3112355276683769
MM1_HSA_GM12878_ATF2	ATF2	RUNX3	0.2150862380258736
MM1_HSA_GM12878_ATF7	ATF7	ATF7	0.0648873010705472
MM1_HSA_GM12878_ATF7	ATF7	ATF2	0.08278909604046797
MM1_HSA_GM12878_ATF7	ATF7	CREB1	0.33652915372777487
MM1_HSA_GM12878_ATF7	ATF7	SPI1	0.18471021055278947
MM1_HSA_GM12878_ATF7	ATF7	RUNX3	0.17748400890036992
MM1_HSA_GM12878_BHLHE40	BHLHE40	ATF3	0.04097855710867416
MM1_HSA_GM12878_BHLHE40	BHLHE40	NFE2	0.04250921699548635
MM1_HSA_GM12878_CREB1	CREB1	SP1	0.039540233703460714
MM1_HSA_GM12878_CTCF	CTCF	CTCF	0.06120143217123743
MM1_HSA_GM12878_CTCF	CTCF	ZBTB2	0.07249757818991555
MM1_HSA_GM12878_CTCF	CTCF	TRIM22	0.03148066480185555
MM1_HSA_GM12878_EBF1	EBF1	MEF2B	0.036280314479238046
MM1_HSA_GM12878_EGR1	EGR1	SP1	0.06929654831254556
MM1_HSA_GM12878_EGR1	EGR1	ELF1	0.07070065822446456
MM1_HSA_GM12878_ELF1	ELF1	GABPA	0.0461297289427067
MM1_HSA_GM12878_ELF1	ELF1	ELK1	0.05092037340964245
MM1_HSA_GM12878_ELF1	ELF1	ETS1	0.03540564749551558
MM1_HSA_GM12878_FOS	FOS	IRF3	0.09509208406916494
MM1_HSA_GM12878_FOS	FOS	NFYA	0.055177694698437
MM1_HSA_GM12878_JUNB	JUNB	IRF4	0.04630780089402538
MM1_HSA_GM12878_MEF2B	MEF2B	EBF1	0.05007825330593873
MM1_HSA_GM12878_MEF2B	MEF2B	SPI1	0.07340229931100788
MM1_HSA_GM12878_NFE2	NFE2	USF1	0.034742910424343486
MM1_HSA_GM12878_NFE2	NFE2	USF2	0.1807514805537418
MM1_HSA_GM12878_NFE2	NFE2	ATF3	0.05932841525727482
MM1_HSA_GM12878_NFE2	NFE2	MAX	0.0767890840470315
MM1_HSA_GM12878_NFYB	NFYB	FOS	0.16143736493020422
MM1_HSA_GM12878_NFYB	NFYB	SP1	0.10289514399492342
MM1_HSA_GM12878_NFYB	NFYB	IRF3	0.49853525094672796
MM1_HSA_GM12878_NFYB	NFYB	NFYA	0.4670323936733203
MM1_HSA_GM12878_PBX3	PBX3	PBX3	0.047011669677967896
MM1_HSA_GM12878_PBX3	PBX3	PKNOX1	0.08532654320987654
MM1_HSA_GM12878_PKNOX1	PKNOX1	PBX3	0.05682621671258036
MM1_HSA_GM12878_PKNOX1	PKNOX1	NFYB	0.10158568911604578
MM1_HSA_GM12878_RUNX3	RUNX3	CBFB	0.14645146172362275
MM1_HSA_GM12878_RUNX3	RUNX3	SPI1	0.03561070950760022
MM1_HSA_GM12878_SIX5	SIX5	GABPA	0.031575917882016066
MM1_HSA_GM12878_SPI1	SPI1	IRF4	0.09487939322411115
MM1_HSA_GM12878_SPI1	SPI1	ELF1	0.05440564472915918
MM1_HSA_GM12878_USF1	USF1	USF2	0.13653979873550612
MM1_HSA_GM12878_USF1	USF1	ATF3	0.10868093792275757
MM1_HSA_GM12878_USF1	USF1	NFE2	0.07145766037653913
MM1_HSA_GM12878_USF1	USF1	MAX	0.13172442482302246
MM1_HSA_GM12878_USF2	USF2	MAX	0.03510692520775623
MM1_HSA_GM12878_YY1	YY1	TAF1	0.12963749977037367
MM1_HSA_GM12878_ZBTB2	ZBTB2	ZBTB2	0.05449028517784428
MM1_HSA_GM12878_ZBTB2	ZBTB2	CTCF	0.08631706242558769
MM1_HSA_GM12878_ZBTB2	ZBTB2	TRIM22	0.06917835416566483
MM1_HSA_GM12878_ZBTB2	ZBTB2	ELF1	0.053569292354754355
MM1_HSA_GM12878_ZNF143	ZNF143	SIX5	0.037676939787524906
MM1_HSA_GM12878_ZNF24	ZNF24	ZBTB2	0.04262034360106624
MM1_HSA_GM12878_ZNF597	ZNF597	RELB	0.048554781824983864
MM1_HSA_H1-hESC_ATF2	ATF2	ATF2	0.040633572755375845
MM1_HSA_H1-hESC_ATF2	ATF2	CREB1	0.06816857702344048
MM1_HSA_H1-hESC_ATF3	ATF3	USF2	0.06696997915139212
MM1_HSA_H1-hESC_ATF3	ATF3	MAX	0.05902190446588957
MM1_HSA_H1-hESC_ATF3	ATF3	ZNF143	0.07110090036319594
MM1_HSA_H1-hESC_BACH1	BACH1	JUND	0.07514587625242396
MM1_HSA_H1-hESC_CEBPB	CEBPB	CTCF	0.2643839612107999
MM1_HSA_H1-hESC_CEBPB	CEBPB	TEAD4	0.23527964301324966
MM1_HSA_H1-hESC_CREB1	CREB1	ATF2	0.05347105389846249
MM1_HSA_H1-hESC_CREB1	CREB1	JUN	0.06000998820489835
MM1_HSA_H1-hESC_CREB1	CREB1	SP1	0.054596168987803534
MM1_HSA_H1-hESC_E2F6	E2F6	CTCF	0.05846084508878425
MM1_HSA_H1-hESC_E2F6	E2F6	USF1	0.04032436817972622
MM1_HSA_H1-hESC_JUN	JUN	ATF2	0.04353678184092851
MM1_HSA_H1-hESC_MAFK	MAFK	BACH1	0.041988181901146344
MM1_HSA_H1-hESC_MAX	MAX	USF1	0.04061602699724338
MM1_HSA_H1-hESC_MAX	MAX	MYC	0.32037015269807534
MM1_HSA_H1-hESC_MAX	MAX	USF2	0.1753078381168379
MM1_HSA_H1-hESC_MAX	MAX	CTCF	0.04557776229858268
MM1_HSA_H1-hESC_MXI1	MXI1	MYC	0.037009095223583414
MM1_HSA_H1-hESC_MYC	MYC	MXI1	0.046450976915974135
MM1_HSA_H1-hESC_SP1	SP1	SP4	0.05654382404151406
MM1_HSA_H1-hESC_SP1	SP1	YY1	0.045155761040420295
MM1_HSA_H1-hESC_SP2	SP2	GABPA	0.05303948576675849
MM1_HSA_H1-hESC_TAF1	TAF1	NRF1	0.044895939007467696
MM1_HSA_H1-hESC_TAF1	TAF1	GABPA	0.04331469504496379
MM1_HSA_H1-hESC_USF1	USF1	USF2	0.1286147920740062
MM1_HSA_H1-hESC_USF1	USF1	MAX	0.15357095784968636
MM1_HSA_H1-hESC_USF1	USF1	ATF3	0.2372223585620664
MM1_HSA_H1-hESC_USF1	USF1	CTCF	0.04696661632818616
MM1_HSA_H1-hESC_USF2	USF2	USF1	0.03265278957025317
MM1_HSA_H1-hESC_USF2	USF2	ATF3	0.16307020245413473
MM1_HSA_H1-hESC_USF2	USF2	MAX	0.15026649366728773
MM1_HSA_H1-hESC_YY1	YY1	TAF1	0.20902863028945728
MM1_HSA_H1-hESC_YY1	YY1	CTCF	0.04722263708752741
MM1_HSA_H1-hESC_YY1	YY1	NRF1	0.3451675743025985
MM1_HSA_H1-hESC_YY1	YY1	USF1	0.08879571051140288
MM1_HSA_H1-hESC_ZNF143	ZNF143	ZNF143	0.032224407770902276
MM1_HSA_H1-hESC_ZNF143	ZNF143	SIX5	0.0853321053687395
MM1_HSA_H1-hESC_ZNF143	ZNF143	CTCF	0.0644108080274737
MM1_HSA_HCT116_ATF3	ATF3	ATF3	0.0703971565568327
MM1_HSA_HCT116_ATF3	ATF3	JUND	0.1202140869352913
MM1_HSA_HCT116_ATF3	ATF3	FOSL1	0.11398028263386573
MM1_HSA_HCT116_ATF3	ATF3	CEBPB	0.05980904893813481
MM1_HSA_HCT116_CEBPB	CEBPB	FOSL1	0.1261919764695669
MM1_HSA_HCT116_CEBPB	CEBPB	JUND	0.14522835819132981
MM1_HSA_HCT116_CEBPB	CEBPB	ATF3	0.17052916675623617
MM1_HSA_HCT116_CEBPB	CEBPB	CTCF	0.22988009143003052
MM1_HSA_HCT116_EGR1	EGR1	ELF1	0.03670198660548013
MM1_HSA_HCT116_FOSL1	FOSL1	JUND	0.032641611833282146
MM1_HSA_HCT116_MAX	MAX	USF1	0.07524739468758701
MM1_HSA_HCT116_USF1	USF1	MAX	0.08182938915239367
MM1_HSA_HCT116_USF1	USF1	JUND	0.07223962517386542
MM1_HSA_HCT116_USF1	USF1	FOSL1	0.0836493376817732
MM1_HSA_HCT116_USF1	USF1	ELF1	0.06628385279870508
MM1_HSA_HCT116_YY1	YY1	ELF1	0.03254832711911959
MM1_HSA_HCT116_YY1	YY1	EGR1	0.04140751757706869
MM1_HSA_HEK293_ATF2	ATF2	ZBTB21	0.08475664187274559
MM1_HSA_HEK293_ATF2	ATF2	ZFHX2	0.038942896886416535
MM1_HSA_HEK293_ATF2	ATF2	SP2	0.13263700952107035
MM1_HSA_HEK293_CTCF	CTCF	ZNF654	0.039866481272763425
MM1_HSA_HEK293_EGR2	EGR2	SP2	0.10840702320333619
MM1_HSA_HEK293_EGR2	EGR2	MAZ	0.09571463729259531
MM1_HSA_HEK293_KLF1	KLF1	KLF9	0.06484319832558685
MM1_HSA_HEK293_KLF1	KLF1	SP2	0.06901551781933278
MM1_HSA_HEK293_KLF10	KLF10	SP3	0.04806899969275675
MM1_HSA_HEK293_KLF9	KLF9	SP3	0.04684356891706598
MM1_HSA_HEK293_MAZ	MAZ	SP2	0.03202112718074567
MM1_HSA_HEK293_MAZ	MAZ	PATZ1	0.04798364395266605
MM1_HSA_HEK293_MAZ	MAZ	SP3	0.046707968059923895
MM1_HSA_HEK293_REST	REST	CTCF	0.036318429313726024
MM1_HSA_HEK293_REST	REST	ZNF654	0.039048443411971286
MM1_HSA_HEK293_ZBTB21	ZBTB21	ATF2	0.046056095012956245
MM1_HSA_HEK293_ZBTB21	ZBTB21	WT1	0.03842438204230258
MM1_HSA_HEK293_ZFHX2	ZFHX2	SP2	0.06083932886492979
MM1_HSA_HEK293_ZFHX2	ZFHX2	MAZ	0.05590539067944007
MM1_HSA_HEK293_ZFP69B	ZFP69B	ZFHX2	0.0390019037501931
MM1_HSA_HEK293_ZFP69B	ZFP69B	PATZ1	0.032279314214121946
MM1_HSA_HEK293_ZFP69B	ZFP69B	SP2	0.06525297553797936
MM1_HSA_HEK293_ZIC2	ZIC2	ZNF263	0.04110839210372546
MM1_HSA_HEK293_ZIC2	ZIC2	CTCF	0.14504789955071107
MM1_HSA_HEK293_ZNF10	ZNF10	CTCF	0.09982261469457121
MM1_HSA_HEK293_ZNF121	ZNF121	ZNF362	0.08833257960966001
MM1_HSA_HEK293_ZNF18	ZNF18	ZFHX2	0.06759532252198638
MM1_HSA_HEK293_ZNF18	ZNF18	EGR2	0.07877221807338837
MM1_HSA_HEK293_ZNF189	ZNF189	ZNF341	0.06821993409525337
MM1_HSA_HEK293_ZNF189	ZNF189	ZFHX2	0.03245829630527706
MM1_HSA_HEK293_ZNF2	ZNF2	ZNF654	0.036496836075942396
MM1_HSA_HEK293_ZNF263	ZNF263	SP2	0.039594353461868965
MM1_HSA_HEK293_ZNF263	ZNF263	MAZ	0.03287783965804254
MM1_HSA_HEK293_ZNF280D	ZNF280D	ZNF580	0.1968595041322314
MM1_HSA_HEK293_ZNF341	ZNF341	ZNF189	0.05274675342473745
MM1_HSA_HEK293_ZNF341	ZNF341	SP2	0.05664155788310025
MM1_HSA_HEK293_ZNF362	ZNF362	ZNF770	0.03682757643968091
MM1_HSA_HEK293_ZNF362	ZNF362	ZNF654	0.056266782423597735
MM1_HSA_HEK293_ZNF362	ZNF362	CTCF	0.05990941080094194
MM1_HSA_HEK293_ZNF423	ZNF423	MAZ	0.03184765541529025
MM1_HSA_HEK293_ZNF449	ZNF449	ZFHX2	0.03503507386084587
MM1_HSA_HEK293_ZNF449	ZNF449	SP2	0.04156914169919043
MM1_HSA_HEK293_ZNF449	ZNF449	KLF1	0.039846983535583406
MM1_HSA_HEK293_ZNF449	ZNF449	MAZ	0.04259891759268405
MM1_HSA_HEK293_ZNF580	ZNF580	ZNF580	0.11100659612029432
MM1_HSA_HEK293_ZNF580	ZNF580	ZNF146	0.22635765605257532
MM1_HSA_HEK293_ZNF580	ZNF580	ZNF280D	0.07268726590416026
MM1_HSA_HEK293_ZNF610	ZNF610	WT1	0.05816276400367309
MM1_HSA_HEK293_ZNF610	ZNF610	ZNF263	0.05900125327788701
MM1_HSA_HEK293_ZNF623	ZNF623	ZNF664	0.18496841511025444
MM1_HSA_HEK293_ZNF623	ZNF623	ZNF558	0.15058622627159396
MM1_HSA_HEK293_ZNF629	ZNF629	ZNF629	0.15684065503418154
MM1_HSA_HEK293_ZNF629	ZNF629	ATF2	0.20545042656959872
MM1_HSA_HEK293_ZNF629	ZNF629	ZBTB21	0.13498435766305958
MM1_HSA_HEK293_ZNF629	ZNF629	ZFHX2	0.039167505148375206
MM1_HSA_HEK293_ZNF629	ZNF629	WT1	0.05045384935560959
MM1_HSA_HEK293_ZNF692	ZNF692	ZFHX2	0.03479292968882072
MM1_HSA_HEK293_ZNF692	ZNF692	SP2	0.043401685574349265
MM1_HSA_HeLa-S3_CEBPB	CEBPB	JUN	0.212366348612953
MM1_HSA_HeLa-S3_CEBPB	CEBPB	JUND	0.256577146401478
MM1_HSA_HeLa-S3_CEBPB	CEBPB	FOS	0.286419254819515
MM1_HSA_HeLa-S3_CEBPB	CEBPB	TFAP2A	0.123837320055668
MM1_HSA_HeLa-S3_E2F6	E2F6	GABPA	0.0401783721310906
MM1_HSA_HeLa-S3_E2F6	E2F6	ELK4	0.0346029397784085
MM1_HSA_HeLa-S3_IRF3	IRF3	IRF3	0.105055398849303
MM1_HSA_HeLa-S3_IRF3	IRF3	NFYA	0.272934385152052
MM1_HSA_HeLa-S3_IRF3	IRF3	NFYB	0.255892622444426
MM1_HSA_HeLa-S3_JUN	JUN	JUN	0.0506723832732662
MM1_HSA_HeLa-S3_JUN	JUN	JUND	0.0673562810755949
MM1_HSA_HeLa-S3_JUN	JUN	NFE2L2	0.100868091766897
MM1_HSA_HeLa-S3_JUND	JUND	JUN	0.0342631886445871
MM1_HSA_HeLa-S3_JUND	JUND	NFE2L2	0.0661631166487912
MM1_HSA_HeLa-S3_MAFF	MAFF	NFE2L2	0.0496891199328293
MM1_HSA_HeLa-S3_MAFF	MAFF	JUN	0.0609420078631462
MM1_HSA_HeLa-S3_MAFF	MAFF	JUND	0.0629593840089903
MM1_HSA_HeLa-S3_MAFK	MAFK	NFE2L2	0.0325720756414446
MM1_HSA_HeLa-S3_MAFK	MAFK	JUN	0.0457527495551515
MM1_HSA_HeLa-S3_MAFK	MAFK	JUND	0.0411564758886772
MM1_HSA_HeLa-S3_MYC	MYC	MXI1	0.0413282226830204
MM1_HSA_HeLa-S3_NFE2L2	NFE2L2	JUN	0.086414201397212
MM1_HSA_HeLa-S3_NFE2L2	NFE2L2	JUND	0.105509687591844
MM1_HSA_HeLa-S3_NFE2L2	NFE2L2	FOS	0.0612771208252007
MM1_HSA_HeLa-S3_NFYB	NFYB	NFYB	0.0788499913583216
MM1_HSA_HeLa-S3_NFYB	NFYB	NFYA	0.140092405277229
MM1_HSA_HeLa-S3_NFYB	NFYB	IRF3	0.0611200788616382
MM1_HSA_HeLa-S3_NFYB	NFYB	GABPA	0.0348314352117015
MM1_HSA_HeLa-S3_REST	REST	CTCF	0.0468512877420659
MM1_HSA_HepG2_ATF2	ATF2	CREB1	0.05297613488065398
MM1_HSA_HepG2_ATF4	ATF4	ATF4	0.03484565382347802
MM1_HSA_HepG2_ATF4	ATF4	CEBPB	0.03763463770586277
MM1_HSA_HepG2_ATF4	ATF4	CEBPA	0.05277648287674646
MM1_HSA_HepG2_ATF7	ATF7	ATF2	0.03814424352064892
MM1_HSA_HepG2_ATF7	ATF7	JUN	0.04612196694558708
MM1_HSA_HepG2_BACH1	BACH1	FOSL2	0.04323816299189022
MM1_HSA_HepG2_BCL6	BCL6	FOXA3	0.04871711626651254
MM1_HSA_HepG2_BHLHE40	BHLHE40	USF2	0.035177905537803394
MM1_HSA_HepG2_BHLHE40	BHLHE40	ATF3	0.06751524584198428
MM1_HSA_HepG2_BHLHE40	BHLHE40	MAX	0.03669811097129316
MM1_HSA_HepG2_CEBPA	CEBPA	CEBPD	0.06589656256399866
MM1_HSA_HepG2_CEBPA	CEBPA	HLF	0.05320362131062622
MM1_HSA_HepG2_CEBPB	CEBPB	CEBPD	0.07566171538650988
MM1_HSA_HepG2_CEBPD	CEBPD	CEBPA	0.0668570036268987
MM1_HSA_HepG2_CEBPD	CEBPD	HLF	0.04981375452401358
MM1_HSA_HepG2_CEBPG	CEBPG	CEBPG	0.048541848328103196
MM1_HSA_HepG2_CEBPG	CEBPG	CEBPA	0.06545035088930626
MM1_HSA_HepG2_CEBPG	CEBPG	HLF	0.10957423973000494
MM1_HSA_HepG2_CEBPG	CEBPG	CEBPD	0.03458818732204056
MM1_HSA_HepG2_CTCF	CTCF	ARID3A	0.03269414968749342
MM1_HSA_HepG2_ELF1	ELF1	ELF3	0.10668026175997922
MM1_HSA_HepG2_ELF1	ELF1	ETV4	0.0531109916376661
MM1_HSA_HepG2_ETV4	ETV4	ELF3	0.06332458217617776
MM1_HSA_HepG2_FOXA2	FOXA2	FOXA3	0.031674850895078946
MM1_HSA_HepG2_FOXA3	FOXA3	HMG20A	0.107960922731569
MM1_HSA_HepG2_GABPA	GABPA	ETV4	0.036680089600218874
MM1_HSA_HepG2_HLF	HLF	CEBPA	0.053628847660680885
MM1_HSA_HepG2_HLF	HLF	CEBPB	0.050183252747916234
MM1_HSA_HepG2_HLF	HLF	NFIL3	0.08457453723133124
MM1_HSA_HepG2_HLF	HLF	CEBPG	0.12843413664059727
MM1_HSA_HepG2_HMG20A	HMG20A	FOXA3	0.03621886322114356
MM1_HSA_HepG2_HMG20A	HMG20A	BCL6	0.0333945808545413
MM1_HSA_HepG2_HNF4A	HNF4A	HNF4G	0.031701866783489185
MM1_HSA_HepG2_HNF4G	HNF4G	PPARG	0.03398073904604978
MM1_HSA_HepG2_JUN	JUN	JUN	0.23408633364367662
MM1_HSA_HepG2_JUN	JUN	ATF7	0.24805044497048057
MM1_HSA_HepG2_JUN	JUN	ATF2	0.16179813456454425
MM1_HSA_HepG2_JUN	JUN	CEBPB	0.05761150887078881
MM1_HSA_HepG2_JUND	JUND	JUND	0.2521680627517033
MM1_HSA_HepG2_JUND	JUND	ATF7	0.38379958212186965
MM1_HSA_HepG2_JUND	JUND	ATF2	0.27440263487729355
MM1_HSA_HepG2_JUND	JUND	JUN	0.12353823554745041
MM1_HSA_HepG2_JUND	JUND	FOSL2	0.4347268260306841
MM1_HSA_HepG2_MAFF	MAFF	MAFK	0.037152620758517406
MM1_HSA_HepG2_MAFF	MAFF	BACH1	0.03353301186568407
MM1_HSA_HepG2_MAFF	MAFF	NFE2L2	0.0323830186539937
MM1_HSA_HepG2_MAFK	MAFK	NFE2L2	0.05280802462656601
MM1_HSA_HepG2_MAFK	MAFK	BACH1	0.04545871847686992
MM1_HSA_HepG2_MNT	MNT	MAX	0.10575827315843367
MM1_HSA_HepG2_MNT	MNT	MXI1	0.08291812160209398
MM1_HSA_HepG2_MNT	MNT	USF1	0.10431754836032134
MM1_HSA_HepG2_MNT	MNT	USF2	0.07885612270035992
MM1_HSA_HepG2_NFE2L2	NFE2L2	FOSL2	0.06142980077234158
MM1_HSA_HepG2_NFIL3	NFIL3	NFIL3	0.034873356580145676
MM1_HSA_HepG2_NFIL3	NFIL3	HLF	0.07569754466648913
MM1_HSA_HepG2_NFIL3	NFIL3	CEBPG	0.16391632373113857
MM1_HSA_HepG2_NFYC	NFYC	SP5	0.07852900839455183
MM1_HSA_HepG2_NFYC	NFYC	USF1	0.04077977395253827
MM1_HSA_HepG2_NFYC	NFYC	USF2	0.036682620541547174
MM1_HSA_HepG2_NFYC	NFYC	ELF1	0.07191740329061469
MM1_HSA_HepG2_NR2F1	NR2F1	RARA	0.054685659210271645
MM1_HSA_HepG2_NRF1	NRF1	SP5	0.032042889706580875
MM1_HSA_HepG2_NRF1	NRF1	MAZ	0.05400191645354681
MM1_HSA_HepG2_NRF1	NRF1	ELF1	0.06338876487485452
MM1_HSA_HepG2_NRF1	NRF1	GABPA	0.06086845330065533
MM1_HSA_HepG2_REST	REST	CTCF	0.06774895320889435
MM1_HSA_HepG2_RFX1	RFX1	SP5	0.09182736455463729
MM1_HSA_HepG2_RFX1	RFX1	ELF1	0.08560447107837216
MM1_HSA_HepG2_RFX3	RFX3	RFX5	0.031052867469973208
MM1_HSA_HepG2_RFX3	RFX3	SP5	0.04304750244144184
MM1_HSA_HepG2_RFX3	RFX3	ELF1	0.14641781108802146
MM1_HSA_HepG2_RFX5	RFX5	RFX1	0.05788017513583831
MM1_HSA_HepG2_RFX5	RFX5	RFX3	0.08111783590441643
MM1_HSA_HepG2_RXRA	RXRA	NR2F6	0.035453432547778774
MM1_HSA_HepG2_RXRA	RXRA	HNF4A	0.0341259838152783
MM1_HSA_HepG2_RXRA	RXRA	NR2F2	0.04688349688149379
MM1_HSA_HepG2_SOX5	SOX5	BCL6	0.03276761562676999
MM1_HSA_HepG2_SOX5	SOX5	FOXA2	0.03627551020408165
MM1_HSA_HepG2_SP5	SP5	MAZ	0.06555752190675407
MM1_HSA_HepG2_SP5	SP5	ELF1	0.04311903707010302
MM1_HSA_HepG2_SP5	SP5	FOXA3	0.04781469954502227
MM1_HSA_HepG2_USF1	USF1	MAX	0.05107286115487132
MM1_HSA_HepG2_YY1	YY1	TAF1	0.07612363447064453
MM1_HSA_HepG2_YY1	YY1	SP5	0.0514401105324689
MM1_HSA_HepG2_ZMYM3	ZMYM3	CEBPA	0.06349133040509344
MM1_HSA_HepG2_ZMYM3	ZMYM3	CEBPG	0.048278919029365534
MM1_HSA_HepG2_ZMYM3	ZMYM3	SOX5	0.04043733821955606
MM1_HSA_HepG2_ZMYM3	ZMYM3	CEBPB	0.055512362568046356
MM1_HSA_HepG2_ZNF143	ZNF143	CTCF	0.04938212872359037
MM1_HSA_IMR-90_BHLHE40	BHLHE40	USF2	0.0390097021352998
MM1_HSA_IMR-90_BHLHE40	BHLHE40	MAZ	0.10841616752787957
MM1_HSA_IMR-90_CEBPB	CEBPB	FOS	0.16317201658773323
MM1_HSA_IMR-90_CEBPB	CEBPB	CTCF	0.29883367422051144
MM1_HSA_IMR-90_CEBPB	CEBPB	NFE2L2	0.07214930285170146
MM1_HSA_IMR-90_CTCF	CTCF	MAZ	0.048012020420450684
MM1_HSA_IMR-90_FOS	FOS	NFE2L2	0.03967916307441115
MM1_HSA_IMR-90_FOS	FOS	MAFK	0.054680788218084246
MM1_HSA_IMR-90_MAFK	MAFK	NFE2L2	0.041419559263386654
MM1_HSA_IMR-90_MAFK	MAFK	FOS	0.06744160790121036
MM1_HSA_IMR-90_NFE2L2	NFE2L2	FOS	0.10203348773979085
MM1_HSA_IMR-90_NFE2L2	NFE2L2	MAZ	0.10683399118754153
MM1_HSA_IMR-90_USF2	USF2	BHLHE40	0.04793092657153286
MM1_HSA_IMR-90_USF2	USF2	MXI1	0.07437718957578247
MM1_HSA_IMR-90_USF2	USF2	MAZ	0.14174152078873903
MM1_HSA_K562_AFF1	AFF1	ZNF184	0.11065389386879664
MM1_HSA_K562_ATF2	ATF2	ATF4	0.036189047846590466
MM1_HSA_K562_ATF3	ATF3	ATF3	0.1393054068615889
MM1_HSA_K562_ATF3	ATF3	JUND	0.21209040102657897
MM1_HSA_K562_ATF3	ATF3	FOS	0.11647638951909718
MM1_HSA_K562_ATF3	ATF3	FOSL1	0.19504510213575452
MM1_HSA_K562_ATF3	ATF3	JUN	0.12000085062466272
MM1_HSA_K562_ATF7	ATF7	CREB1	0.05066669575696279
MM1_HSA_K562_BHLHE40	BHLHE40	USF2	0.0386607538031473
MM1_HSA_K562_BHLHE40	BHLHE40	MNT	0.06226344420460397
MM1_HSA_K562_C11orf30	C11orf30	MAFG	0.043318468627104235
MM1_HSA_K562_CEBPB	CEBPB	ATF4	0.0896266176122293
MM1_HSA_K562_CEBPB	CEBPB	ATF7	0.19047412267624353
MM1_HSA_K562_CEBPB	CEBPB	ATF3	0.17404948836737424
MM1_HSA_K562_CEBPB	CEBPB	JUND	0.12221260825038065
MM1_HSA_K562_CEBPD	CEBPD	CEBPD	0.10859517241744714
MM1_HSA_K562_CEBPD	CEBPD	CEBPB	0.17998855925005466
MM1_HSA_K562_CEBPD	CEBPD	ATF4	0.0880553372488445
MM1_HSA_K562_CEBPD	CEBPD	ATF3	0.14795349024064092
MM1_HSA_K562_CREM	CREM	CREB1	0.04811682986430664
MM1_HSA_K562_CTCFL	CTCFL	CTCF	0.031221635935632312
MM1_HSA_K562_E2F4	E2F4	MAZ	0.050419595198003944
MM1_HSA_K562_E2F4	E2F4	SP1	0.03420996100204904
MM1_HSA_K562_E4F1	E4F1	GABPB1	0.0408194042257668
MM1_HSA_K562_E4F1	E4F1	ELF4	0.0418881058578907
MM1_HSA_K562_E4F1	E4F1	GABPA	0.04450301496400287
MM1_HSA_K562_EGR1	EGR1	MAZ	0.055098052128372356
MM1_HSA_K562_EGR1	EGR1	E2F4	0.05581899045064941
MM1_HSA_K562_EGR1	EGR1	KLF13	0.0985019087077522
MM1_HSA_K562_ETV6	ETV6	E4F1	0.09262959172877369
MM1_HSA_K562_ETV6	ETV6	ELF4	0.10875371921303315
MM1_HSA_K562_FOS	FOS	FOS	0.041583296626861756
MM1_HSA_K562_FOS	FOS	JUND	0.07495905374367852
MM1_HSA_K562_FOS	FOS	JUN	0.03798624417809007
MM1_HSA_K562_GABPA	GABPA	E4F1	0.03825232858227021
MM1_HSA_K562_GABPA	GABPA	ELF1	0.04088523479937665
MM1_HSA_K562_GABPB1	GABPB1	E4F1	0.048178178624964735
MM1_HSA_K562_GABPB1	GABPB1	ELF4	0.049569785271250943
MM1_HSA_K562_GABPB1	GABPB1	ELF1	0.045198288518487166
MM1_HSA_K562_MAFF	MAFF	C11orf30	0.06034676869895569
MM1_HSA_K562_MAFF	MAFF	MAFG	0.10306243403159393
MM1_HSA_K562_MAFG	MAFG	NFE2	0.04454795070368176
MM1_HSA_K562_MAFK	MAFK	C11orf30	0.050517290786308414
MM1_HSA_K562_MAFK	MAFK	MAFG	0.07098746415281446
MM1_HSA_K562_MAX	MAX	MNT	0.05750172285948175
MM1_HSA_K562_MEIS2	MEIS2	PBX2	0.058277694562370246
MM1_HSA_K562_NFE2L1	NFE2L1	NFE2L2	0.05962008332744862
MM1_HSA_K562_NFE2L1	NFE2L1	C11orf30	0.10674715242774137
MM1_HSA_K562_NFYB	NFYB	USF1	0.08170765919555362
MM1_HSA_K562_NFYB	NFYB	MAZ	0.17294675322487982
MM1_HSA_K562_NFYB	NFYB	PKNOX1	0.12661920931721318
MM1_HSA_K562_NR2F1	NR2F1	NR2F2	0.04119093229719447
MM1_HSA_K562_NR2F1	NR2F1	ESRRA	0.05392340177628982
MM1_HSA_K562_NR2F1	NR2F1	JUND	0.05174391358447302
MM1_HSA_K562_NRF1	NRF1	ZBTB2	0.095684577645903
MM1_HSA_K562_NRF1	NRF1	MAZ	0.08120171959245003
MM1_HSA_K562_NRF1	NRF1	E2F4	0.07402143705705355
MM1_HSA_K562_NRF1	NRF1	GABPB1	0.03929716400580478
MM1_HSA_K562_PBX2	PBX2	PKNOX1	0.0522114967585829
MM1_HSA_K562_PKNOX1	PKNOX1	PBX2	0.04898622002527124
MM1_HSA_K562_PKNOX1	PKNOX1	MEIS2	0.035750811372950025
MM1_HSA_K562_PKNOX1	PKNOX1	JUND	0.0311250136442286
MM1_HSA_K562_REST	REST	CTCF	0.05082803995592819
MM1_HSA_K562_RFX1	RFX1	MAZ	0.1359990481856038
MM1_HSA_K562_RFX1	RFX1	E4F1	0.03554586323551038
MM1_HSA_K562_SMARCA5	SMARCA5	ZMYM3	0.06475952697841957
MM1_HSA_K562_SMARCA5	SMARCA5	RBM25	0.05189196125343312
MM1_HSA_K562_SPI1	SPI1	GABPB1	0.09205332032178676
MM1_HSA_K562_SPI1	SPI1	E4F1	0.10514727965129723
MM1_HSA_K562_SPI1	SPI1	ELF4	0.14517712090764015
MM1_HSA_K562_SPI1	SPI1	ELF1	0.14318105925635122
MM1_HSA_K562_TAL1	TAL1	GATA1	0.03877869822485208
MM1_HSA_K562_USF2	USF2	MITF	0.03960014531599312
MM1_HSA_K562_VEZF1	VEZF1	E2F4	0.07133723793009167
MM1_HSA_K562_YY1	YY1	MAZ	0.13518968458116923
MM1_HSA_K562_YY1	YY1	GABPB1	0.08600415328335333
MM1_HSA_K562_YY1	YY1	E4F1	0.07991898727221261
MM1_HSA_K562_ZNF143	ZNF143	SIX5	0.046355153304524985
MM1_HSA_K562_ZNF143	ZNF143	CTCF	0.03302966730312067
MM1_HSA_K562_ZNF184	ZNF184	AFF1	0.0727227163379039
MM1_HSA_K562_ZNF316	ZNF316	C11orf30	0.0777250998608689
MM1_HSA_K562_ZNF316	ZNF316	MAFG	0.06055802172331916
MM1_HSA_K562_ZNF75A	ZNF75A	ELK1	0.036716985191294065
MM1_HSA_MCF-7_ATF7	ATF7	CREB1	0.04313917232921815
MM1_HSA_MCF-7_ATF7	ATF7	FOS	0.12367347013480814
MM1_HSA_MCF-7_ATF7	ATF7	CEBPB	0.08547062278881458
MM1_HSA_MCF-7_ATF7	ATF7	GRHL2	0.2027708010815614
MM1_HSA_MCF-7_CEBPB	CEBPB	FOS	0.2220977460307974
MM1_HSA_MCF-7_CEBPB	CEBPB	GRHL2	0.13674794633592072
MM1_HSA_MCF-7_CEBPB	CEBPB	TFAP2C	0.13859124219578298
MM1_HSA_MCF-7_CEBPG	CEBPG	ATF7	0.40905480674539824
MM1_HSA_MCF-7_CEBPG	CEBPG	FOS	0.29679849789724017
MM1_HSA_MCF-7_CEBPG	CEBPG	GRHL2	0.17635577783694129
MM1_HSA_MCF-7_CREB1	CREB1	FOS	0.08881381654242963
MM1_HSA_MCF-7_CREB1	CREB1	TFAP2C	0.09766532951664372
MM1_HSA_MCF-7_CREB1	CREB1	GABPA	0.2797468829277503
MM1_HSA_MCF-7_CTCF	CTCF	TRIM22	0.05881310048198156
MM1_HSA_MCF-7_ESR1	ESR1	FOS	0.0419218326489328
MM1_HSA_MCF-7_ESRRA	ESRRA	NR2F2	0.08569254013728828
MM1_HSA_MCF-7_FOS	FOS	FOS	0.049333880066943434
MM1_HSA_MCF-7_FOS	FOS	FOSL2	0.1908050417961209
MM1_HSA_MCF-7_FOS	FOS	JUND	0.203304368622449
MM1_HSA_MCF-7_FOS	FOS	DPF2	0.1619957135221074
MM1_HSA_MCF-7_FOS	FOS	TFAP2C	0.04427102537404215
MM1_HSA_MCF-7_FOSL2	FOSL2	DPF2	0.0396881103515625
MM1_HSA_MCF-7_GRHL2	GRHL2	SMARCE1	0.1920468208082711
MM1_HSA_MCF-7_NFIB	NFIB	NR5A2	0.06639936877972591
MM1_HSA_MCF-7_NFIB	NFIB	TFAP2C	0.036556882576271765
MM1_HSA_MCF-7_NFIB	NFIB	TFAP2A	0.05409324311728556
MM1_HSA_MCF-7_REST	REST	TFAP2C	0.06092823718591084
MM1_HSA_MCF-7_REST	REST	TFAP2A	0.05324679219713131
MM1_HSA_MCF-7_REST	REST	CTCF	0.18885012860713446
MM1_HSA_MCF-7_RFX1	RFX1	TFAP2C	0.04061347882384559
MM1_HSA_MCF-7_RFX1	RFX1	FOS	0.059376784518746055
MM1_HSA_MCF-7_RFX1	RFX1	CTCF	0.08574532428921038
MM1_HSA_MCF-7_RFX1	RFX1	GRHL2	0.040330203902649304
MM1_HSA_MCF-7_RFX5	RFX5	RFX1	0.03579140428679985
MM1_HSA_MCF-7_SREBF1	SREBF1	ZNF507	0.06227895684861775
MM1_HSA_MCF-7_TFAP2C	TFAP2C	FOS	0.05326767002631801
MM1_HSA_MCF-7_TFAP2C	TFAP2C	CTCF	0.05356529165124699
MM1_HSA_SK-N-SH_MAX	MAX	MAX	0.05841670491482766
MM1_HSA_SK-N-SH_MAX	MAX	MXI1	0.23557819672641134
MM1_HSA_SK-N-SH_MAX	MAX	FOSL2	0.03631500669456521
MM1_HSA_SK-N-SH_MAX	MAX	JUND	0.04003616624669447
MM1_HSA_SK-N-SH_MXI1	MXI1	MAX	0.1408005353678794
MM1_HSA_SK-N-SH_MXI1	MXI1	USF1	0.10977110111180445
MM1_HSA_SK-N-SH_MXI1	MXI1	USF2	0.06085782789111807
MM1_HSA_SK-N-SH_MXI1	MXI1	CTCF	0.06373971983176718
MM1_HSA_SK-N-SH_USF1	USF1	USF1	0.0355293230905472
MM1_HSA_SK-N-SH_USF1	USF1	USF2	0.11486496071436568
MM1_HSA_SK-N-SH_USF1	USF1	MXI1	0.08689847571374955
MM1_HSA_SK-N-SH_USF2	USF2	USF2	0.04242057448159305
MM1_HSA_SK-N-SH_USF2	USF2	USF1	0.05226098802668402
MM1_HSA_SK-N-SH_USF2	USF2	YY1	0.03114606035713022
MM1_HSA_SK-N-SH_YY1	YY1	YY1	0.031764950402145144
MM1_HSA_SK-N-SH_YY1	YY1	TAF1	0.14315842334140136
MM1_HSA_SK-N-SH_YY1	YY1	ELF1	0.04552674126849951
