peak_id	comparison	SqDiff
MM1_HSA_A549_BHLHE40	BHLHE40	0.005476316461904112
MM1_HSA_A549_BHLHE40	USF2	0.0359197805477127
MM1_HSA_A549_BHLHE40	CTCF	0.0033834670894268134
MM1_HSA_A549_BHLHE40	SREBF1	0.0462988844618612
MM1_HSA_A549_BHLHE40	MYC	0.038963327032136105
MM1_HSA_A549_CEBPB	CEBPB	6.000701793612295e-4
MM1_HSA_A549_CEBPB	HES2	0.1902273733280035
MM1_HSA_A549_CEBPB	FOSL2	0.2786944318054353
MM1_HSA_A549_CEBPB	JUNB	0.2624853559670797
MM1_HSA_A549_CEBPB	JUN	0.4185830005993652
MM1_HSA_A549_CHD2	CHD2	1.3323633036089193e-5
MM1_HSA_A549_CHD2	CTCF	0.0028097922674893317
MM1_HSA_A549_CHD2	E2F6	0.01218586608196998
MM1_HSA_A549_CHD2	USF2	0.011896072296145145
MM1_HSA_A549_CHD2	BHLHE40	0.011482652041142759
MM1_HSA_A549_CTCF	CTCF	6.264191489182557e-7
MM1_HSA_A549_CTCF	MAFK	0.004048706142741869
MM1_HSA_A549_CTCF	MAX	0.0027239449494602655
MM1_HSA_A549_CTCF	E2F6	0.01762456604060459
MM1_HSA_A549_CTCF	BHLHE40	0.01277465885342168
MM1_HSA_A549_E2F6	E2F6	9.641548270781559e-5
MM1_HSA_A549_E2F6	CTCF	0.006938544707911671
MM1_HSA_A549_E2F6	USF2	0.011485086412703687
MM1_HSA_A549_E2F6	MYC	0.013132554976176339
MM1_HSA_A549_E2F6	BHLHE40	0.015571782035806836
MM1_HSA_A549_ELK1	ELK1	0.0027700831024930744
MM1_HSA_A549_ELK1	CTCF	0.0027700831024930744
MM1_HSA_A549_ESRRA	ESRRA	0.0014936449759945145
MM1_HSA_A549_FOSL2	FOSL2	0.010647881070514306
MM1_HSA_A549_FOSL2	JUNB	0.020300437281789253
MM1_HSA_A549_FOSL2	JUN	0.016163238264639272
MM1_HSA_A549_FOSL2	NFE2L2	0.015188521280766986
MM1_HSA_A549_FOSL2	CEBPB	0.027825647624958663
MM1_HSA_A549_JUNB	JUNB	0.010345586110339526
MM1_HSA_A549_JUNB	FOSL2	0.01492763421575732
MM1_HSA_A549_JUNB	JUN	0.02291473781668209
MM1_HSA_A549_JUNB	NFE2L2	0.06858595193411317
MM1_HSA_A549_MAFK	MAFK	2.2313342542877373e-4
MM1_HSA_A549_MAFK	NFE2L2	0.023597019806850392
MM1_HSA_A549_MYC	MAX	0.02107180020811654
MM1_HSA_A549_MYC	CTCF	0.0042718612499466025
MM1_HSA_A549_MYC	USF2	0.00254081565205896
MM1_HSA_A549_MYC	BHLHE40	0.006694214876033058
MM1_HSA_A549_NFE2L2	NFE2L2	6.375585444095609e-4
MM1_HSA_A549_NFE2L2	MAFK	0.009273300399873641
MM1_HSA_A549_NFE2L2	FOSL2	0.11768052557871381
MM1_HSA_A549_NFE2L2	JUNB	0.15453173767696857
MM1_HSA_A549_PBX3	PBX3	3.25625662466615e-5
MM1_HSA_A549_REST	REST	2.7766479303577996e-5
MM1_HSA_A549_RFX5	RFX5	6.276487209135837e-4
MM1_HSA_A549_SREBF1	SREBF1	0.0452292963314688
MM1_HSA_A549_SREBF1	USF2	0.060290784844746356
MM1_HSA_A549_SREBF1	BHLHE40	0.034741430622177084
MM1_HSA_A549_SREBF1	CTCF	0.008224000384467514
MM1_HSA_A549_USF2	USF2	0.00403410393041303
MM1_HSA_A549_USF2	BHLHE40	0.037557796418285806
MM1_HSA_A549_USF2	SREBF1	0.029488191068166508
MM1_HSA_A549_USF2	CTCF	0.015955387476831243
MM1_HSA_A549_USF2	MYC	0.06501773524565548
MM1_HSA_A549_ZFP36	ZFP36	1.6926803687821804e-4
MM1_HSA_GM12878_ATF2	ATF2	0.006391653703139262
MM1_HSA_GM12878_ATF2	ATF7	0.0227490487641166
MM1_HSA_GM12878_ATF2	CREB1	0.3228291029420612
MM1_HSA_GM12878_ATF2	SPI1	0.3112355276683769
MM1_HSA_GM12878_ATF2	RUNX3	0.2150862380258736
MM1_HSA_GM12878_ATF3	ATF3	0.005584599536203985
MM1_HSA_GM12878_ATF3	USF1	0.006475333333333332
MM1_HSA_GM12878_ATF3	USF2	0.021890161984347064
MM1_HSA_GM12878_ATF3	NFE2	0.009318850331099854
MM1_HSA_GM12878_ATF3	MAX	0.030290373386935368
MM1_HSA_GM12878_ATF7	ATF7	0.0648873010705472
MM1_HSA_GM12878_ATF7	ATF2	0.08278909604046797
MM1_HSA_GM12878_ATF7	CREB1	0.33652915372777487
MM1_HSA_GM12878_ATF7	SPI1	0.18471021055278947
MM1_HSA_GM12878_ATF7	RUNX3	0.17748400890036992
MM1_HSA_GM12878_BACH1	BACH1	0.0030231645721500357
MM1_HSA_GM12878_BATF	BATF	0.009599469487746893
MM1_HSA_GM12878_BATF	JUNB	0.022204276569401903
MM1_HSA_GM12878_BATF	BATF3	0.012201415087079746
MM1_HSA_GM12878_BATF	RUNX3	0.008231298928031861
MM1_HSA_GM12878_BATF	SPI1	0.03039101405212742
MM1_HSA_GM12878_BCL11A	IRF4	0.025069444444444443
MM1_HSA_GM12878_BCL11A	ETV6	0.01986397009143732
MM1_HSA_GM12878_BHLHE40	BHLHE40	0.0020946987130462578
MM1_HSA_GM12878_BHLHE40	USF1	0.023704052022483414
MM1_HSA_GM12878_BHLHE40	USF2	0.029595332771758992
MM1_HSA_GM12878_BHLHE40	ATF3	0.04097855710867416
MM1_HSA_GM12878_BHLHE40	NFE2	0.04250921699548635
MM1_HSA_GM12878_CBFB	CBFB	0.0015519164455753108
MM1_HSA_GM12878_CBFB	RUNX3	0.004261752590134983
MM1_HSA_GM12878_CBFB	SPI1	0.010854063017820173
MM1_HSA_GM12878_CBFB	BCL11A	0.019009722222222226
MM1_HSA_GM12878_CBFB	ETV6	0.013088888888888891
MM1_HSA_GM12878_CREB1	CREB1	0.010264170676199417
MM1_HSA_GM12878_CREB1	ATF7	0.02330914299649357
MM1_HSA_GM12878_CREB1	ATF2	0.022980612003427034
MM1_HSA_GM12878_CREB1	SPI1	0.025919087053449672
MM1_HSA_GM12878_CREB1	SP1	0.039540233703460714
MM1_HSA_GM12878_CTCF	CTCF	0.06120143217123743
MM1_HSA_GM12878_CTCF	ZBTB2	0.07249757818991555
MM1_HSA_GM12878_CTCF	TRIM22	0.03148066480185555
MM1_HSA_GM12878_CTCF	ELF1	0.024488666161645595
MM1_HSA_GM12878_CTCF	SP1	0.023516617118651294
MM1_HSA_GM12878_E2F8	ELK1	0.003025
MM1_HSA_GM12878_E4F1	E4F1	0.0027126736111111114
MM1_HSA_GM12878_E4F1	ELF1	0.0027126736111111114
MM1_HSA_GM12878_E4F1	ELK1	0.010184327918525377
MM1_HSA_GM12878_E4F1	GABPA	0.0044444444444444444
MM1_HSA_GM12878_EBF1	EBF1	0.012537256491750899
MM1_HSA_GM12878_EBF1	MEF2B	0.036280314479238046
MM1_HSA_GM12878_EGR1	EGR1	4.865782052974597e-4
MM1_HSA_GM12878_EGR1	SP1	0.06929654831254556
MM1_HSA_GM12878_EGR1	ELF1	0.07070065822446456
MM1_HSA_GM12878_EGR1	CTCF	0.01259213474205014
MM1_HSA_GM12878_ELF1	ELF1	4.137615496953297e-4
MM1_HSA_GM12878_ELF1	SPI1	0.007524184629622769
MM1_HSA_GM12878_ELF1	GABPA	0.0461297289427067
MM1_HSA_GM12878_ELF1	ELK1	0.05092037340964245
MM1_HSA_GM12878_ELF1	ETS1	0.03540564749551558
MM1_HSA_GM12878_ELK1	ELK1	0.006574141709276845
MM1_HSA_GM12878_ELK1	ELF1	0.006574141709276845
MM1_HSA_GM12878_ELK1	GABPA	0.007612269717580289
MM1_HSA_GM12878_ELK1	ETS1	0.004055563290783
MM1_HSA_GM12878_ELK1	E4F1	0.002696598543616656
MM1_HSA_GM12878_ETS1	ELK1	0.0032653061224489793
MM1_HSA_GM12878_ETV6	ETV6	0.0017818014501916495
MM1_HSA_GM12878_ETV6	SPI1	0.007068099995338627
MM1_HSA_GM12878_ETV6	BCL11A	0.009713253036432482
MM1_HSA_GM12878_ETV6	IRF4	0.009509191585541735
MM1_HSA_GM12878_ETV6	ELF1	0.029803153306660633
MM1_HSA_GM12878_FOS	IRF3	0.09509208406916494
MM1_HSA_GM12878_FOS	NFYA	0.055177694698437
MM1_HSA_GM12878_FOS	SP1	0.008538603601929495
MM1_HSA_GM12878_GABPA	GABPA	0.0037259751366609845
MM1_HSA_GM12878_GABPA	ELF1	0.008620826038624355
MM1_HSA_GM12878_GABPA	ELK1	0.030942081579329372
MM1_HSA_GM12878_GABPA	ETS1	0.014775840646827201
MM1_HSA_GM12878_GABPA	SPI1	0.00876022228154044
MM1_HSA_GM12878_HSF1	HSF1	0.0011290698045663084
MM1_HSA_GM12878_IRF3	NFYA	0.0064
MM1_HSA_GM12878_IRF4	IRF4	0.0024010281934764856
MM1_HSA_GM12878_IRF4	SPI1	0.007378280634546241
MM1_HSA_GM12878_IRF4	BCL11A	0.01070154577883472
MM1_HSA_GM12878_IRF4	ETV6	0.007752857877457378
MM1_HSA_GM12878_IRF5	IRF5	0.002608683084749682
MM1_HSA_GM12878_IRF5	ELF1	0.002608683084749682
MM1_HSA_GM12878_JUNB	JUNB	0.011879236477611362
MM1_HSA_GM12878_JUNB	BATF	0.018262715017210763
MM1_HSA_GM12878_JUNB	BATF3	0.013688978771503452
MM1_HSA_GM12878_JUNB	RUNX3	0.00550756657825265
MM1_HSA_GM12878_JUNB	IRF4	0.04630780089402538
MM1_HSA_GM12878_JUND	BATF3	0.025956607495069037
MM1_HSA_GM12878_MAFK	MAFK	1.9453547497534713e-4
MM1_HSA_GM12878_MAZ	NRF1	0.0036730945821854917
MM1_HSA_GM12878_MEF2B	MEF2B	0.016283256063663282
MM1_HSA_GM12878_MEF2B	EBF1	0.05007825330593873
MM1_HSA_GM12878_MEF2B	SPI1	0.07340229931100788
MM1_HSA_GM12878_NFE2	NFE2	0.02840850246897711
MM1_HSA_GM12878_NFE2	USF1	0.034742910424343486
MM1_HSA_GM12878_NFE2	USF2	0.1807514805537418
MM1_HSA_GM12878_NFE2	ATF3	0.05932841525727482
MM1_HSA_GM12878_NFE2	MAX	0.0767890840470315
MM1_HSA_GM12878_NFYB	NFYB	0.007511976406474952
MM1_HSA_GM12878_NFYB	FOS	0.16143736493020422
MM1_HSA_GM12878_NFYB	SP1	0.10289514399492342
MM1_HSA_GM12878_NFYB	IRF3	0.49853525094672796
MM1_HSA_GM12878_NFYB	NFYA	0.4670323936733203
MM1_HSA_GM12878_NR2C1	NR2C1	0.002348900592184798
MM1_HSA_GM12878_NR2F1	NR2F1	4.464843076006538e-5
MM1_HSA_GM12878_NRF1	NRF1	0.0027700831024930752
MM1_HSA_GM12878_NRF1	SP1	0.0027700831024930752
MM1_HSA_GM12878_NRF1	ELF1	0.0029353287544950967
MM1_HSA_GM12878_PBX3	PBX3	0.047011669677967896
MM1_HSA_GM12878_PBX3	PKNOX1	0.08532654320987654
MM1_HSA_GM12878_PKNOX1	PKNOX1	0.010074453932424213
MM1_HSA_GM12878_PKNOX1	PBX3	0.05682621671258036
MM1_HSA_GM12878_PKNOX1	NFYB	0.10158568911604578
MM1_HSA_GM12878_POU2F2	POU2F2	7.66214007311778e-4
MM1_HSA_GM12878_RELB	RELB	0.0126975616463707
MM1_HSA_GM12878_REST	REST	4.899223372781085e-5
MM1_HSA_GM12878_RUNX3	RUNX3	0.024348919003157155
MM1_HSA_GM12878_RUNX3	CBFB	0.14645146172362275
MM1_HSA_GM12878_RUNX3	SPI1	0.03561070950760022
MM1_HSA_GM12878_SIX5	GABPA	0.031575917882016066
MM1_HSA_GM12878_SP1	SP1	4.457344305481771e-4
MM1_HSA_GM12878_SP1	MAZ	0.010743246843198892
MM1_HSA_GM12878_SP1	EGR1	0.009095755248648127
MM1_HSA_GM12878_SP1	ELF1	0.011822531747948832
MM1_HSA_GM12878_SP1	NFYB	0.002137958074409911
MM1_HSA_GM12878_SPI1	SPI1	3.6901928474964953e-4
MM1_HSA_GM12878_SPI1	IRF4	0.09487939322411115
MM1_HSA_GM12878_SPI1	BCL11A	0.02313788730825914
MM1_HSA_GM12878_SPI1	ETV6	0.014542461866932322
MM1_HSA_GM12878_SPI1	ELF1	0.05440564472915918
MM1_HSA_GM12878_SRF	SRF	0.001513354721214381
MM1_HSA_GM12878_TAF1	ELF1	0.003058039032470429
MM1_HSA_GM12878_TCF3	TCF3	0.0035180944264917215
MM1_HSA_GM12878_TCF3	TCF12	0.017319056644477318
MM1_HSA_GM12878_TP73	TP73	3.345726525904481e-4
MM1_HSA_GM12878_TRIM22	TRIM22	0.009245562130177515
MM1_HSA_GM12878_TRIM22	CTCF	0.009245562130177515
MM1_HSA_GM12878_TRIM22	ZBTB2	0.02227667631989307
MM1_HSA_GM12878_USF1	USF1	0.011270446242610796
MM1_HSA_GM12878_USF1	USF2	0.13653979873550612
MM1_HSA_GM12878_USF1	ATF3	0.10868093792275757
MM1_HSA_GM12878_USF1	NFE2	0.07145766037653913
MM1_HSA_GM12878_USF1	MAX	0.13172442482302246
MM1_HSA_GM12878_USF2	USF2	0.011225713440964409
MM1_HSA_GM12878_USF2	USF1	0.015245088177251193
MM1_HSA_GM12878_USF2	ATF3	0.014354913062394609
MM1_HSA_GM12878_USF2	NFE2	0.01591005673903529
MM1_HSA_GM12878_USF2	MAX	0.03510692520775623
MM1_HSA_GM12878_YY1	YY1	0.005705596840595447
MM1_HSA_GM12878_YY1	TAF1	0.12963749977037367
MM1_HSA_GM12878_ZBTB2	ZBTB2	0.05449028517784428
MM1_HSA_GM12878_ZBTB2	CTCF	0.08631706242558769
MM1_HSA_GM12878_ZBTB2	TRIM22	0.06917835416566483
MM1_HSA_GM12878_ZBTB2	ELF1	0.053569292354754355
MM1_HSA_GM12878_ZBTB2	SPI1	0.010948584528992698
MM1_HSA_GM12878_ZBTB40	ZBTB40	1.3653853542866233e-4
MM1_HSA_GM12878_ZNF143	ZNF143	0.015149041211502828
MM1_HSA_GM12878_ZNF143	SIX5	0.037676939787524906
MM1_HSA_GM12878_ZNF143	CTCF	0.021380878011339637
MM1_HSA_GM12878_ZNF143	ZBTB2	0.0224001055926962
MM1_HSA_GM12878_ZNF143	ELF1	0.0062759318603474445
MM1_HSA_GM12878_ZNF24	ZNF24	1.2168063489615616e-5
MM1_HSA_GM12878_ZNF24	ZBTB2	0.04262034360106624
MM1_HSA_GM12878_ZNF274	ZNF274	8.863638014835703e-5
MM1_HSA_GM12878_ZNF592	ZNF592	0.0033963701624018616
MM1_HSA_GM12878_ZNF597	ZNF597	0.00702170917484889
MM1_HSA_GM12878_ZNF597	RELB	0.048554781824983864
MM1_HSA_GM12878_ZSCAN29	ZSCAN29	0.0010685976040792854
MM1_HSA_H1-hESC_ATF2	ATF2	0.040633572755375845
MM1_HSA_H1-hESC_ATF2	CREB1	0.06816857702344048
MM1_HSA_H1-hESC_ATF2	JUN	0.017868760737294636
MM1_HSA_H1-hESC_ATF2	CTCF	0.012449219021655503
MM1_HSA_H1-hESC_ATF3	ATF3	0.022058605573508833
MM1_HSA_H1-hESC_ATF3	USF1	0.025124843549795543
MM1_HSA_H1-hESC_ATF3	USF2	0.06696997915139212
MM1_HSA_H1-hESC_ATF3	MAX	0.05902190446588957
MM1_HSA_H1-hESC_ATF3	ZNF143	0.07110090036319594
MM1_HSA_H1-hESC_BACH1	BACH1	0.00751882344771216
MM1_HSA_H1-hESC_BACH1	MAFK	0.025770781097536423
MM1_HSA_H1-hESC_BACH1	JUND	0.07514587625242396
MM1_HSA_H1-hESC_BCL11A	BCL11A	0.003071268173548165
MM1_HSA_H1-hESC_CEBPB	CEBPB	1.657767800582156e-4
MM1_HSA_H1-hESC_CEBPB	CTCF	0.2643839612107999
MM1_HSA_H1-hESC_CEBPB	TEAD4	0.23527964301324966
MM1_HSA_H1-hESC_CREB1	CREB1	0.007797838586486052
MM1_HSA_H1-hESC_CREB1	ATF2	0.05347105389846249
MM1_HSA_H1-hESC_CREB1	CTCF	0.021213278923234782
MM1_HSA_H1-hESC_CREB1	JUN	0.06000998820489835
MM1_HSA_H1-hESC_CREB1	SP1	0.054596168987803534
MM1_HSA_H1-hESC_CTCF	CTCF	2.077055177713507e-5
MM1_HSA_H1-hESC_CTCF	ZNF143	0.010669033717096824
MM1_HSA_H1-hESC_CTCF	TEAD4	0.00299027518645793
MM1_HSA_H1-hESC_CTCF	YY1	0.002439280734361096
MM1_HSA_H1-hESC_CTCF	USF1	0.0028176230385474803
MM1_HSA_H1-hESC_E2F6	E2F6	4.335849283386345e-5
MM1_HSA_H1-hESC_E2F6	MAX	0.012374999949998394
MM1_HSA_H1-hESC_E2F6	CTCF	0.05846084508878425
MM1_HSA_H1-hESC_E2F6	USF1	0.04032436817972622
MM1_HSA_H1-hESC_EGR1	EGR1	4.6488084655463285e-4
MM1_HSA_H1-hESC_EGR1	CTCF	0.012150922958863284
MM1_HSA_H1-hESC_GABPA	GABPA	3.926265096808892e-4
MM1_HSA_H1-hESC_GABPA	YY1	0.005364015076373735
MM1_HSA_H1-hESC_GABPA	CTCF	0.02048286309787094
MM1_HSA_H1-hESC_GABPA	NRF1	0.005367728206924353
MM1_HSA_H1-hESC_GABPA	ZNF143	0.005275544587267701
MM1_HSA_H1-hESC_JUN	JUN	0.02563195525969623
MM1_HSA_H1-hESC_JUN	ATF2	0.04353678184092851
MM1_HSA_H1-hESC_JUND	JUND	0.0017078354506691923
MM1_HSA_H1-hESC_MAFK	MAFK	0.003838483280076666
MM1_HSA_H1-hESC_MAFK	BACH1	0.041988181901146344
MM1_HSA_H1-hESC_MAX	MAX	0.005285223921306812
MM1_HSA_H1-hESC_MAX	USF1	0.04061602699724338
MM1_HSA_H1-hESC_MAX	MYC	0.32037015269807534
MM1_HSA_H1-hESC_MAX	USF2	0.1753078381168379
MM1_HSA_H1-hESC_MAX	CTCF	0.04557776229858268
MM1_HSA_H1-hESC_MXI1	MXI1	4.011942643829411e-4
MM1_HSA_H1-hESC_MXI1	MAX	0.0010910903416705632
MM1_HSA_H1-hESC_MXI1	MYC	0.037009095223583414
MM1_HSA_H1-hESC_MXI1	USF1	2.657431724375882e-5
MM1_HSA_H1-hESC_MXI1	USF2	0.027584708052797474
MM1_HSA_H1-hESC_MYC	MYC	0.002838990038925042
MM1_HSA_H1-hESC_MYC	MAX	0.005118228443802466
MM1_HSA_H1-hESC_MYC	MXI1	0.046450976915974135
MM1_HSA_H1-hESC_MYC	USF1	2.4616701033820126e-4
MM1_HSA_H1-hESC_MYC	USF2	0.008098791809080512
MM1_HSA_H1-hESC_NRF1	NRF1	7.929969668449708e-5
MM1_HSA_H1-hESC_NRF1	YY1	0.007359732745704816
MM1_HSA_H1-hESC_NRF1	CTCF	0.001977742098103177
MM1_HSA_H1-hESC_NRF1	SP1	0.006679396474652597
MM1_HSA_H1-hESC_NRF1	GABPA	0.006611160284183935
MM1_HSA_H1-hESC_POU5F1	POU5F1	0.006810453058414199
MM1_HSA_H1-hESC_REST	REST	3.1439800292876733e-4
MM1_HSA_H1-hESC_SOX2	SOX2	0.0015011151159065683
MM1_HSA_H1-hESC_SP1	SP1	0.0022374984134822724
MM1_HSA_H1-hESC_SP1	SP4	0.05654382404151406
MM1_HSA_H1-hESC_SP1	SP2	0.02369887786298296
MM1_HSA_H1-hESC_SP1	YY1	0.045155761040420295
MM1_HSA_H1-hESC_SP2	SP2	0.0061268734093694
MM1_HSA_H1-hESC_SP2	SP1	0.02450749363747762
MM1_HSA_H1-hESC_SP2	SP4	0.02905112876175402
MM1_HSA_H1-hESC_SP2	GABPA	0.05303948576675849
MM1_HSA_H1-hESC_SP4	SP4	0.0035795164000292207
MM1_HSA_H1-hESC_SP4	SP1	0.0035795164000292207
MM1_HSA_H1-hESC_SP4	NRF1	0.00510204081632653
MM1_HSA_H1-hESC_SP4	SP2	0.004253308128544423
MM1_HSA_H1-hESC_SP4	YY1	0.008264462809917356
MM1_HSA_H1-hESC_SRF	SRF	1.3546055614841837e-4
MM1_HSA_H1-hESC_TAF1	NRF1	0.044895939007467696
MM1_HSA_H1-hESC_TAF1	GABPA	0.04331469504496379
MM1_HSA_H1-hESC_TEAD4	TEAD4	3.381903045202708e-4
MM1_HSA_H1-hESC_USF1	USF1	0.020299551284140648
MM1_HSA_H1-hESC_USF1	USF2	0.1286147920740062
MM1_HSA_H1-hESC_USF1	MAX	0.15357095784968636
MM1_HSA_H1-hESC_USF1	ATF3	0.2372223585620664
MM1_HSA_H1-hESC_USF1	CTCF	0.04696661632818616
MM1_HSA_H1-hESC_USF2	USF2	0.029668238955417033
MM1_HSA_H1-hESC_USF2	USF1	0.03265278957025317
MM1_HSA_H1-hESC_USF2	ATF3	0.16307020245413473
MM1_HSA_H1-hESC_USF2	MAX	0.15026649366728773
MM1_HSA_H1-hESC_USF2	ZNF143	0.02419633920439189
MM1_HSA_H1-hESC_YY1	YY1	0.009775519981328484
MM1_HSA_H1-hESC_YY1	TAF1	0.20902863028945728
MM1_HSA_H1-hESC_YY1	CTCF	0.04722263708752741
MM1_HSA_H1-hESC_YY1	NRF1	0.3451675743025985
MM1_HSA_H1-hESC_YY1	USF1	0.08879571051140288
MM1_HSA_H1-hESC_ZNF143	ZNF143	0.032224407770902276
MM1_HSA_H1-hESC_ZNF143	SIX5	0.0853321053687395
MM1_HSA_H1-hESC_ZNF143	CTCF	0.0644108080274737
MM1_HSA_H9_FOXH1	FOXH1	0.0011030082900288498
MM1_HSA_H9_FOXH1	SMAD2	0.02427281690733127
MM1_HSA_H9_SMAD2	SMAD2	0.026080876795162536
MM1_HSA_H9_SOX2	SOX2	4.782813176900661e-4
MM1_HSA_HCT116_ATF3	ATF3	0.0703971565568327
MM1_HSA_HCT116_ATF3	JUND	0.1202140869352913
MM1_HSA_HCT116_ATF3	FOSL1	0.11398028263386573
MM1_HSA_HCT116_ATF3	CEBPB	0.05980904893813481
MM1_HSA_HCT116_CEBPB	CEBPB	9.384055993348698e-4
MM1_HSA_HCT116_CEBPB	FOSL1	0.1261919764695669
MM1_HSA_HCT116_CEBPB	JUND	0.14522835819132981
MM1_HSA_HCT116_CEBPB	ATF3	0.17052916675623617
MM1_HSA_HCT116_CEBPB	CTCF	0.22988009143003052
MM1_HSA_HCT116_CTCF	CTCF	8.280566195097734e-6
MM1_HSA_HCT116_CTCF	YY1	0.012651319445110148
MM1_HSA_HCT116_CTCF	TCF7L2	0.0065348449922012705
MM1_HSA_HCT116_CTCF	ELF1	0.016007678552904248
MM1_HSA_HCT116_CTCF	EGR1	0.01604554086545943
MM1_HSA_HCT116_EGR1	EGR1	5.103376165551415e-5
MM1_HSA_HCT116_EGR1	FOSL1	0.006806130102827605
MM1_HSA_HCT116_EGR1	JUND	0.00633427375024782
MM1_HSA_HCT116_EGR1	ELF1	0.03670198660548013
MM1_HSA_HCT116_EGR1	CTCF	0.01078439977159849
MM1_HSA_HCT116_ELF1	ELF1	2.2113497851059831e-4
MM1_HSA_HCT116_ELF1	YY1	0.013375753810649739
MM1_HSA_HCT116_ELF1	FOSL1	0.006748342931409555
MM1_HSA_HCT116_ELF1	JUND	0.006962759854415907
MM1_HSA_HCT116_ELF1	CTCF	0.009050602152007328
MM1_HSA_HCT116_FOSL1	FOSL1	0.021847875783341738
MM1_HSA_HCT116_FOSL1	JUND	0.032641611833282146
MM1_HSA_HCT116_FOSL1	ATF3	0.017681563927790005
MM1_HSA_HCT116_FOSL1	TCF7L2	0.013741440539290557
MM1_HSA_HCT116_FOSL1	TEAD4	0.01604632979245227
MM1_HSA_HCT116_JUND	JUND	0.007999703281658789
MM1_HSA_HCT116_JUND	FOSL1	0.009849589223557215
MM1_HSA_HCT116_JUND	ATF3	0.01349975810952971
MM1_HSA_HCT116_JUND	TCF7L2	0.009930072704037911
MM1_HSA_HCT116_JUND	TEAD4	0.016039607032891583
MM1_HSA_HCT116_MAX	MAX	0.026119313091664313
MM1_HSA_HCT116_MAX	USF1	0.07524739468758701
MM1_HSA_HCT116_MAX	JUND	0.01939481901561296
MM1_HSA_HCT116_MAX	FOSL1	0.022430515015876517
MM1_HSA_HCT116_MAX	CTCF	0.006711569017489611
MM1_HSA_HCT116_REST	REST	2.4377390891178305e-4
MM1_HSA_HCT116_SRF	SRF	0.0027831446513994535
MM1_HSA_HCT116_TCF7L2	TCF7L2	0.0019639641805517362
MM1_HSA_HCT116_TEAD4	TEAD4	0.0014819771985812612
MM1_HSA_HCT116_TEAD4	FOSL1	0.02382468214546407
MM1_HSA_HCT116_TEAD4	JUND	0.022045874942983858
MM1_HSA_HCT116_USF1	USF1	0.010369574965882956
MM1_HSA_HCT116_USF1	MAX	0.08182938915239367
MM1_HSA_HCT116_USF1	JUND	0.07223962517386542
MM1_HSA_HCT116_USF1	FOSL1	0.0836493376817732
MM1_HSA_HCT116_USF1	ELF1	0.06628385279870508
MM1_HSA_HCT116_YY1	YY1	1.7016599188974824e-4
MM1_HSA_HCT116_YY1	CTCF	0.0094691907395074
MM1_HSA_HCT116_YY1	ELF1	0.03254832711911959
MM1_HSA_HCT116_YY1	EGR1	0.04140751757706869
MM1_HSA_HCT116_YY1	USF1	0.003512521783422842
MM1_HSA_HCT116_ZNF274	ZNF274	9.729307018566946e-6
MM1_HSA_HCT116_ZNF274	TEAD4	0.007744176534285855
MM1_HSA_HEK293_ATF2	ATF2	0.007674453446522252
MM1_HSA_HEK293_ATF2	ZNF629	0.026463689544648724
MM1_HSA_HEK293_ATF2	ZBTB21	0.08475664187274559
MM1_HSA_HEK293_ATF2	ZFHX2	0.038942896886416535
MM1_HSA_HEK293_ATF2	SP2	0.13263700952107035
MM1_HSA_HEK293_BCL6B	BCL6B	1.9051474030070772e-4
MM1_HSA_HEK293_CTCF	CTCF	0.01903102692178104
MM1_HSA_HEK293_CTCF	ZNF654	0.039866481272763425
MM1_HSA_HEK293_CTCF	ZNF2	0.004768894178224006
MM1_HSA_HEK293_CTCF	ZNF263	0.002280032310167607
MM1_HSA_HEK293_CTCF	ZFHX2	0.008396599684817463
MM1_HSA_HEK293_EGR2	EGR2	3.7489361183465933e-4
MM1_HSA_HEK293_EGR2	ZFHX2	5.72678860855551e-4
MM1_HSA_HEK293_EGR2	KLF1	0.021833202430637924
MM1_HSA_HEK293_EGR2	SP2	0.10840702320333619
MM1_HSA_HEK293_EGR2	MAZ	0.09571463729259531
MM1_HSA_HEK293_GFI1B	GFI1B	4.980460168805654e-4
MM1_HSA_HEK293_IKZF3	IKZF3	9.149008835636798e-4
MM1_HSA_HEK293_IKZF3	SP2	0.011306280155703606
MM1_HSA_HEK293_IKZF3	MAZ	0.015123933990317981
MM1_HSA_HEK293_IKZF3	ZNF263	0.025187443034165844
MM1_HSA_HEK293_KLF1	KLF1	7.690943527511205e-4
MM1_HSA_HEK293_KLF1	ZFHX2	0.015859331153761657
MM1_HSA_HEK293_KLF1	KLF9	0.06484319832558685
MM1_HSA_HEK293_KLF1	EGR2	0.014237054842020955
MM1_HSA_HEK293_KLF1	SP2	0.06901551781933278
MM1_HSA_HEK293_KLF10	KLF10	0.009474309372737078
MM1_HSA_HEK293_KLF10	KLF9	0.024192293142292202
MM1_HSA_HEK293_KLF10	SP3	0.04806899969275675
MM1_HSA_HEK293_KLF10	SP2	0.025422807915208765
MM1_HSA_HEK293_KLF10	KLF1	0.0023501637001807616
MM1_HSA_HEK293_KLF9	KLF9	0.01161806817842225
MM1_HSA_HEK293_KLF9	SP3	0.04684356891706598
MM1_HSA_HEK293_KLF9	SP2	0.027744866991093416
MM1_HSA_HEK293_KLF9	KLF1	0.001925064083963894
MM1_HSA_HEK293_KLF9	ZFHX2	0.0015393769125465544
MM1_HSA_HEK293_MAZ	MAZ	0.006050765701144934
MM1_HSA_HEK293_MAZ	SP2	0.03202112718074567
MM1_HSA_HEK293_MAZ	PATZ1	0.04798364395266605
MM1_HSA_HEK293_MAZ	ZFHX2	0.004864302777065211
MM1_HSA_HEK293_MAZ	SP3	0.046707968059923895
MM1_HSA_HEK293_MYNN	MYNN	2.2384504266624678e-4
MM1_HSA_HEK293_MZF1	MZF1	4.421247566870559e-4
MM1_HSA_HEK293_OSR2	OSR2	1.0687755219137455e-4
MM1_HSA_HEK293_PRDM1	PRDM1	6.15042245911121e-4
MM1_HSA_HEK293_PRDM1	ZNF366	0.027969662792522228
MM1_HSA_HEK293_PRDM1	ZNF596	0.018279460053162392
MM1_HSA_HEK293_PRDM4	PRDM4	4.2861724741219466e-5
MM1_HSA_HEK293_RBAK	RBAK	4.5712120490386607e-4
MM1_HSA_HEK293_REST	REST	5.588328606153927e-5
MM1_HSA_HEK293_REST	ZNF263	0.021062151366991758
MM1_HSA_HEK293_REST	ZFHX2	0.022535659740128784
MM1_HSA_HEK293_REST	CTCF	0.036318429313726024
MM1_HSA_HEK293_REST	ZNF654	0.039048443411971286
MM1_HSA_HEK293_SCRT1	SCRT1	0.020402299750743317
MM1_HSA_HEK293_SCRT1	SCRT2	0.02863204004465284
MM1_HSA_HEK293_SCRT2	SCRT2	0.001284540522763851
MM1_HSA_HEK293_SCRT2	SCRT1	0.010022780189204295
MM1_HSA_HEK293_SP2	SP2	0.00824867179192931
MM1_HSA_HEK293_SP2	SP3	0.02726098208612313
MM1_HSA_HEK293_SP2	MAZ	0.0043786834731449585
MM1_HSA_HEK293_SP2	KLF9	0.015447000957962302
MM1_HSA_HEK293_SP2	ZFHX2	0.0027992255494354735
MM1_HSA_HEK293_SP3	SP3	0.0019841304699802814
MM1_HSA_HEK293_SP3	SP2	0.0051393562797838275
MM1_HSA_HEK293_SP3	KLF9	0.0066384853134595495
MM1_HSA_HEK293_SP3	MAZ	0.0026896402170065578
MM1_HSA_HEK293_SP3	KLF1	0.0028086189731569215
MM1_HSA_HEK293_TCF7L2	TCF7L2	0.001004790573006239
MM1_HSA_HEK293_WT1	WT1	5.278465346031395e-4
MM1_HSA_HEK293_WT1	MAZ	0.0033617425909818503
MM1_HSA_HEK293_WT1	ZFHX2	0.0012758381910667577
MM1_HSA_HEK293_WT1	SP2	0.004065934687126696
MM1_HSA_HEK293_WT1	ZNF263	0.0012307855399535015
MM1_HSA_HEK293_YY1	YY1	0.007843988242433434
MM1_HSA_HEK293_YY1	YY2	0.01344894389104946
MM1_HSA_HEK293_YY1	SP3	0.005543182907986573
MM1_HSA_HEK293_YY1	SP2	0.005630412556819483
MM1_HSA_HEK293_YY1	MAZ	0.003953443860136693
MM1_HSA_HEK293_YY2	YY2	0.008269916869484355
MM1_HSA_HEK293_YY2	YY1	0.02614114769848895
MM1_HSA_HEK293_YY2	SP3	0.009544622640735714
MM1_HSA_HEK293_YY2	SP2	0.009304632149785457
MM1_HSA_HEK293_YY2	ZFHX2	0.005755434433263271
MM1_HSA_HEK293_ZBTB12	ZBTB12	0.002913346295332768
MM1_HSA_HEK293_ZBTB20	ZBTB20	1.32213851880313e-4
MM1_HSA_HEK293_ZBTB20	ZFHX2	0.00909768697774499
MM1_HSA_HEK293_ZBTB20	SP2	0.01204408606615263
MM1_HSA_HEK293_ZBTB20	MAZ	0.01271129595651719
MM1_HSA_HEK293_ZBTB20	EGR2	0.006191786314119197
MM1_HSA_HEK293_ZBTB21	ZBTB21	0.0025143753381912204
MM1_HSA_HEK293_ZBTB21	ZNF629	0.004146534053112925
MM1_HSA_HEK293_ZBTB21	ATF2	0.046056095012956245
MM1_HSA_HEK293_ZBTB21	ZFHX2	0.017194088685389308
MM1_HSA_HEK293_ZBTB21	WT1	0.03842438204230258
MM1_HSA_HEK293_ZBTB44	ZBTB44	2.1849074920409566e-4
MM1_HSA_HEK293_ZBTB6	ZBTB6	3.405574597825085e-4
MM1_HSA_HEK293_ZBTB6	SP2	0.02193836560436867
MM1_HSA_HEK293_ZBTB6	MAZ	0.023432539991735665
MM1_HSA_HEK293_ZBTB6	ZFHX2	0.01981599152398182
MM1_HSA_HEK293_ZBTB6	SP3	0.023197590445355135
MM1_HSA_HEK293_ZFHX2	ZFHX2	4.343188772732821e-4
MM1_HSA_HEK293_ZFHX2	EGR2	0.0010506748689442
MM1_HSA_HEK293_ZFHX2	KLF1	0.016521060998017287
MM1_HSA_HEK293_ZFHX2	SP2	0.06083932886492979
MM1_HSA_HEK293_ZFHX2	MAZ	0.05590539067944007
MM1_HSA_HEK293_ZFP3	ZFP3	7.903534661849607e-4
MM1_HSA_HEK293_ZFP69B	ZFP69B	0.01582324169105915
MM1_HSA_HEK293_ZFP69B	ZNF692	0.026723774757846375
MM1_HSA_HEK293_ZFP69B	ZFHX2	0.0390019037501931
MM1_HSA_HEK293_ZFP69B	PATZ1	0.032279314214121946
MM1_HSA_HEK293_ZFP69B	SP2	0.06525297553797936
MM1_HSA_HEK293_ZIC2	ZIC2	2.465958151643317e-4
MM1_HSA_HEK293_ZIC2	ZFHX2	0.027058464354211977
MM1_HSA_HEK293_ZIC2	EGR2	0.02665209663538329
MM1_HSA_HEK293_ZIC2	ZNF263	0.04110839210372546
MM1_HSA_HEK293_ZIC2	CTCF	0.14504789955071107
MM1_HSA_HEK293_ZNF10	ZNF10	2.1371934051291798e-4
MM1_HSA_HEK293_ZNF10	CTCF	0.09982261469457121
MM1_HSA_HEK293_ZNF121	ZNF121	1.9249743999393576e-4
MM1_HSA_HEK293_ZNF121	ZNF770	0.018332580501280556
MM1_HSA_HEK293_ZNF121	ZNF362	0.08833257960966001
MM1_HSA_HEK293_ZNF133	ZNF133	2.311854473327867e-5
MM1_HSA_HEK293_ZNF146	ZNF146	2.4342195287155546e-4
MM1_HSA_HEK293_ZNF146	ZNF580	0.019754015499523016
MM1_HSA_HEK293_ZNF146	ZNF280D	0.020258664083833137
MM1_HSA_HEK293_ZNF16	ZNF16	3.71517989125726e-4
MM1_HSA_HEK293_ZNF18	ZNF18	8.368330766551303e-4
MM1_HSA_HEK293_ZNF18	ZFHX2	0.06759532252198638
MM1_HSA_HEK293_ZNF18	EGR2	0.07877221807338837
MM1_HSA_HEK293_ZNF184	ZNF184	2.5664681876516734e-4
MM1_HSA_HEK293_ZNF189	ZNF189	0.0023368194563688845
MM1_HSA_HEK293_ZNF189	ZNF341	0.06821993409525337
MM1_HSA_HEK293_ZNF189	IKZF3	0.029520708280434467
MM1_HSA_HEK293_ZNF189	ZFHX2	0.03245829630527706
MM1_HSA_HEK293_ZNF2	ZNF2	0.015964583454590266
MM1_HSA_HEK293_ZNF2	ZNF654	0.036496836075942396
MM1_HSA_HEK293_ZNF2	CTCF	0.02338659212374773
MM1_HSA_HEK293_ZNF2	ZNF263	0.0029471174006888436
MM1_HSA_HEK293_ZNF2	ZFHX2	0.005926568830466393
MM1_HSA_HEK293_ZNF223	ZNF223	2.0643108326226452e-4
MM1_HSA_HEK293_ZNF23	ZNF23	5.36173638913405e-4
MM1_HSA_HEK293_ZNF239	ZNF239	1.8967193312702317e-4
MM1_HSA_HEK293_ZNF24	ZNF24	2.1994269915363057e-5
MM1_HSA_HEK293_ZNF263	ZNF263	3.8740739847222807e-4
MM1_HSA_HEK293_ZNF263	ZFHX2	0.014510430180372954
MM1_HSA_HEK293_ZNF263	EGR2	0.01212005641763512
MM1_HSA_HEK293_ZNF263	SP2	0.039594353461868965
MM1_HSA_HEK293_ZNF263	MAZ	0.03287783965804254
MM1_HSA_HEK293_ZNF280C	ZNF280C	0.00366885048010974
MM1_HSA_HEK293_ZNF280D	ZNF580	0.1968595041322314
MM1_HSA_HEK293_ZNF341	ZNF341	8.594336899277882e-4
MM1_HSA_HEK293_ZNF341	ZNF189	0.05274675342473745
MM1_HSA_HEK293_ZNF341	ZFHX2	0.008419934653095849
MM1_HSA_HEK293_ZNF341	ZNF263	0.009838009126543612
MM1_HSA_HEK293_ZNF341	SP2	0.05664155788310025
MM1_HSA_HEK293_ZNF362	ZNF362	1.1115773278717201e-4
MM1_HSA_HEK293_ZNF362	ZNF770	0.03682757643968091
MM1_HSA_HEK293_ZNF362	ZNF654	0.056266782423597735
MM1_HSA_HEK293_ZNF362	ZNF121	0.02260544592676696
MM1_HSA_HEK293_ZNF362	CTCF	0.05990941080094194
MM1_HSA_HEK293_ZNF423	ZNF423	4.425675878254088e-4
MM1_HSA_HEK293_ZNF423	ZIC2	0.021095749369311138
MM1_HSA_HEK293_ZNF423	WT1	0.016162653787005002
MM1_HSA_HEK293_ZNF423	PATZ1	0.006056617423977221
MM1_HSA_HEK293_ZNF423	MAZ	0.03184765541529025
MM1_HSA_HEK293_ZNF449	ZNF449	3.7718226511523374e-4
MM1_HSA_HEK293_ZNF449	ZFHX2	0.03503507386084587
MM1_HSA_HEK293_ZNF449	SP2	0.04156914169919043
MM1_HSA_HEK293_ZNF449	KLF1	0.039846983535583406
MM1_HSA_HEK293_ZNF449	MAZ	0.04259891759268405
MM1_HSA_HEK293_ZNF513	ZNF513	4.387751202010512e-4
MM1_HSA_HEK293_ZNF513	ZNF263	0.012713506248411333
MM1_HSA_HEK293_ZNF513	EGR2	0.021135573319282622
MM1_HSA_HEK293_ZNF513	ZFHX2	0.022748238275104225
MM1_HSA_HEK293_ZNF530	ZNF530	4.567795801719662e-4
MM1_HSA_HEK293_ZNF548	ZNF548	2.3970214475707165e-4
MM1_HSA_HEK293_ZNF549	ZNF549	2.5364262193363653e-4
MM1_HSA_HEK293_ZNF558	ZNF558	0.0037796179669784577
MM1_HSA_HEK293_ZNF580	ZNF580	0.11100659612029432
MM1_HSA_HEK293_ZNF580	ZNF146	0.22635765605257532
MM1_HSA_HEK293_ZNF580	ZNF280D	0.07268726590416026
MM1_HSA_HEK293_ZNF585B	ZNF585B	1.1076896939837328e-4
MM1_HSA_HEK293_ZNF596	ZNF596	3.4783357270325177e-4
MM1_HSA_HEK293_ZNF596	PRDM1	0.007293190336370266
MM1_HSA_HEK293_ZNF610	ZNF610	2.665872205405485e-4
MM1_HSA_HEK293_ZNF610	WT1	0.05816276400367309
MM1_HSA_HEK293_ZNF610	ZNF263	0.05900125327788701
MM1_HSA_HEK293_ZNF623	ZNF623	5.85140561151681e-5
MM1_HSA_HEK293_ZNF623	ZNF189	0.016652060612101775
MM1_HSA_HEK293_ZNF623	ZNF664	0.18496841511025444
MM1_HSA_HEK293_ZNF623	ZNF558	0.15058622627159396
MM1_HSA_HEK293_ZNF629	ZNF629	0.15684065503418154
MM1_HSA_HEK293_ZNF629	ATF2	0.20545042656959872
MM1_HSA_HEK293_ZNF629	ZBTB21	0.13498435766305958
MM1_HSA_HEK293_ZNF629	ZFHX2	0.039167505148375206
MM1_HSA_HEK293_ZNF629	WT1	0.05045384935560959
MM1_HSA_HEK293_ZNF654	ZNF654	0.003952437750865655
MM1_HSA_HEK293_ZNF654	CTCF	0.011864368300960689
MM1_HSA_HEK293_ZNF654	ZNF2	0.003868857202057669
MM1_HSA_HEK293_ZNF654	ZNF263	0.00265010515190972
MM1_HSA_HEK293_ZNF654	SCRT2	0.002474772878848806
MM1_HSA_HEK293_ZNF664	ZNF664	0.0016830026820036815
MM1_HSA_HEK293_ZNF677	ZNF677	6.384911602596525e-5
MM1_HSA_HEK293_ZNF680	ZNF680	1.5769816339616913e-4
MM1_HSA_HEK293_ZNF692	ZNF692	0.0030547167716760333
MM1_HSA_HEK293_ZNF692	ZFP69B	0.01039824265710987
MM1_HSA_HEK293_ZNF692	ZFHX2	0.03479292968882072
MM1_HSA_HEK293_ZNF692	SP2	0.043401685574349265
MM1_HSA_HEK293_ZNF692	MAZ	0.020191307067423232
MM1_HSA_HEK293_ZNF707	ZNF707	2.3393432829638426e-4
MM1_HSA_HEK293_ZNF768	ZNF768	1.3082470414201188e-4
MM1_HSA_HEK293_ZNF792	ZNF792	8.707904501855351e-4
MM1_HSA_HEK293_ZSCAN16	ZSCAN16	4.3979129261559303e-4
MM1_HSA_HEK293T_BHLHE40	BHLHE40	2.22426283032343e-4
MM1_HSA_HEK293T_CTCF	CTCF	1.43329473170881e-6
MM1_HSA_HEK293T_CTCF	PKNOX1	0.00909085694643781
MM1_HSA_HEK293T_CTCF	ELF4	0.01471860300595
MM1_HSA_HEK293T_PKNOX1	PKNOX1	1.2231457604166e-4
MM1_HSA_HEK293T_SP1	SP1	4.21156362506093e-5
MM1_HSA_HEK293T_ZFX	ZFX	2.6031039262158e-5
MM1_HSA_HeLa-S3_CEBPB	CEBPB	3.78849719901256e-4
MM1_HSA_HeLa-S3_CEBPB	JUN	0.212366348612953
MM1_HSA_HeLa-S3_CEBPB	JUND	0.256577146401478
MM1_HSA_HeLa-S3_CEBPB	FOS	0.286419254819515
MM1_HSA_HeLa-S3_CEBPB	TFAP2A	0.123837320055668
MM1_HSA_HeLa-S3_CTCF	CTCF	1.36981225559528e-4
MM1_HSA_HeLa-S3_CTCF	ZHX1	0.0301223105931719
MM1_HSA_HeLa-S3_CTCF	TFAP2C	0.0137818650954413
MM1_HSA_HeLa-S3_CTCF	TFAP2A	0.0111367446825904
MM1_HSA_HeLa-S3_CTCF	CEBPB	0.0063793738976093
MM1_HSA_HeLa-S3_E2F4	E2F4	1.10093669417508e-4
MM1_HSA_HeLa-S3_E2F4	E2F6	0.00242193963395889
MM1_HSA_HeLa-S3_E2F4	NFYA	0.00407906378148217
MM1_HSA_HeLa-S3_E2F4	NFYB	0.00358861991849773
MM1_HSA_HeLa-S3_E2F4	NRF1	0.00476232755958324
MM1_HSA_HeLa-S3_E2F6	E2F6	0.00526786539045449
MM1_HSA_HeLa-S3_E2F6	E2F4	0.0237986806391615
MM1_HSA_HeLa-S3_E2F6	GABPA	0.0401783721310906
MM1_HSA_HeLa-S3_E2F6	NRF1	0.0150926088642505
MM1_HSA_HeLa-S3_E2F6	ELK4	0.0346029397784085
MM1_HSA_HeLa-S3_ELK1	ELK1	0.00166490448080206
MM1_HSA_HeLa-S3_ELK1	GABPA	0.00540089969068827
MM1_HSA_HeLa-S3_ELK1	ELK4	0.00565638069226651
MM1_HSA_HeLa-S3_ELK1	NRF1	0.00333657122467555
MM1_HSA_HeLa-S3_ELK1	NFYA	0.00318293311264997
MM1_HSA_HeLa-S3_ELK4	ELK4	0.00315754553994306
MM1_HSA_HeLa-S3_ELK4	GABPA	0.00607563958046011
MM1_HSA_HeLa-S3_ELK4	ELK1	0.00641242733199541
MM1_HSA_HeLa-S3_ELK4	NRF1	0.0056525397385238
MM1_HSA_HeLa-S3_ELK4	NFYA	4.44639928635625e-4
MM1_HSA_HeLa-S3_FOS	FOS	0.0132155231485436
MM1_HSA_HeLa-S3_FOS	JUND	0.019923661829269
MM1_HSA_HeLa-S3_FOS	JUN	0.0114159535363476
MM1_HSA_HeLa-S3_FOS	CEBPB	0.00548796037204037
MM1_HSA_HeLa-S3_FOS	TFAP2A	0.00251061673372378
MM1_HSA_HeLa-S3_IRF3	IRF3	0.105055398849303
MM1_HSA_HeLa-S3_IRF3	NFYA	0.272934385152052
MM1_HSA_HeLa-S3_IRF3	NFYB	0.255892622444426
MM1_HSA_HeLa-S3_JUN	JUN	0.0506723832732662
MM1_HSA_HeLa-S3_JUN	JUND	0.0673562810755949
MM1_HSA_HeLa-S3_JUN	FOS	0.026322686415874
MM1_HSA_HeLa-S3_JUN	CEBPB	0.00374799517861822
MM1_HSA_HeLa-S3_JUN	NFE2L2	0.100868091766897
MM1_HSA_HeLa-S3_JUND	JUND	0.0217286657934228
MM1_HSA_HeLa-S3_JUND	JUN	0.0342631886445871
MM1_HSA_HeLa-S3_JUND	FOS	0.0236061787134049
MM1_HSA_HeLa-S3_JUND	CEBPB	0.0151384960989667
MM1_HSA_HeLa-S3_JUND	NFE2L2	0.0661631166487912
MM1_HSA_HeLa-S3_MAFF	MAFF	0.00241159024419227
MM1_HSA_HeLa-S3_MAFF	MAFK	0.00497614543229441
MM1_HSA_HeLa-S3_MAFF	NFE2L2	0.0496891199328293
MM1_HSA_HeLa-S3_MAFF	JUN	0.0609420078631462
MM1_HSA_HeLa-S3_MAFF	JUND	0.0629593840089903
MM1_HSA_HeLa-S3_MAFK	MAFK	0.0119767423115937
MM1_HSA_HeLa-S3_MAFK	MAFF	0.0159303277316805
MM1_HSA_HeLa-S3_MAFK	NFE2L2	0.0325720756414446
MM1_HSA_HeLa-S3_MAFK	JUN	0.0457527495551515
MM1_HSA_HeLa-S3_MAFK	JUND	0.0411564758886772
MM1_HSA_HeLa-S3_MAZ	MAZ	0.00334351427645888
MM1_HSA_HeLa-S3_MAZ	CTCF	0.0135208220659816
MM1_HSA_HeLa-S3_MAZ	NRF1	0.00372938639939397
MM1_HSA_HeLa-S3_MAZ	NFYA	0.00375801881945362
MM1_HSA_HeLa-S3_MAZ	GABPA	0.00387591030901301
MM1_HSA_HeLa-S3_MXI1	MXI1	3.63522571192051e-4
MM1_HSA_HeLa-S3_MXI1	MYC	0.00163198506718079
MM1_HSA_HeLa-S3_MXI1	USF2	0.00103860304000668
MM1_HSA_HeLa-S3_MXI1	JUND	0.00440971444407413
MM1_HSA_HeLa-S3_MXI1	JUN	0.0041050285190174
MM1_HSA_HeLa-S3_MYC	MYC	0.0067616744709281
MM1_HSA_HeLa-S3_MYC	MXI1	0.0413282226830204
MM1_HSA_HeLa-S3_MYC	USF2	0.00267206586032299
MM1_HSA_HeLa-S3_MYC	JUN	0.00504172450261089
MM1_HSA_HeLa-S3_MYC	JUND	0.00807401756171713
MM1_HSA_HeLa-S3_NFE2L2	NFE2L2	0.00136679809066547
MM1_HSA_HeLa-S3_NFE2L2	MAFF	0.0208478020381398
MM1_HSA_HeLa-S3_NFE2L2	JUN	0.086414201397212
MM1_HSA_HeLa-S3_NFE2L2	JUND	0.105509687591844
MM1_HSA_HeLa-S3_NFE2L2	FOS	0.0612771208252007
MM1_HSA_HeLa-S3_NFYA	NFYA	0.00107892446357471
MM1_HSA_HeLa-S3_NFYA	NFYB	0.00167323877594373
MM1_HSA_HeLa-S3_NFYA	IRF3	0.014970547649681
MM1_HSA_HeLa-S3_NFYA	USF2	0.00319231599016738
MM1_HSA_HeLa-S3_NFYA	GABPA	0.00745245420831947
MM1_HSA_HeLa-S3_NFYB	NFYB	0.0788499913583216
MM1_HSA_HeLa-S3_NFYB	NFYA	0.140092405277229
MM1_HSA_HeLa-S3_NFYB	IRF3	0.0611200788616382
MM1_HSA_HeLa-S3_NFYB	USF2	0.0175872036064808
MM1_HSA_HeLa-S3_NFYB	GABPA	0.0348314352117015
MM1_HSA_HeLa-S3_NR2C2	NR2C2	0.0014207661391329
MM1_HSA_HeLa-S3_PRDM1	PRDM1	5.83045433514824e-4
MM1_HSA_HeLa-S3_REST	REST	1.00662896735195e-4
MM1_HSA_HeLa-S3_REST	CTCF	0.0468512877420659
MM1_HSA_HeLa-S3_RFX5	RFX5	7.18553123321004e-5
MM1_HSA_HeLa-S3_RFX5	NFYA	0.0156306372843561
MM1_HSA_HeLa-S3_TAF1	TAF1	4.03137922651927e-5
MM1_HSA_HeLa-S3_TAF1	GABPA	0.0042617263513811
MM1_HSA_HeLa-S3_TAF1	ELK4	0.00424779330497055
MM1_HSA_HeLa-S3_TAF1	ELK1	0.00449567681038153
MM1_HSA_HeLa-S3_TAF1	NFYA	0.00133479595316562
MM1_HSA_HeLa-S3_TCF7L2	TCF7L2	2.45096372701173e-4
MM1_HSA_HeLa-S3_TFAP2A	TFAP2A	0.00473388940637389
MM1_HSA_HeLa-S3_TFAP2A	TFAP2C	0.0080291989129336
MM1_HSA_HeLa-S3_TFAP2A	JUN	0.0104156480086527
MM1_HSA_HeLa-S3_TFAP2A	FOS	0.0129097323773218
MM1_HSA_HeLa-S3_TFAP2A	JUND	0.0100461903278767
MM1_HSA_HeLa-S3_TFAP2C	TFAP2C	0.00170921248539884
MM1_HSA_HeLa-S3_TFAP2C	TFAP2A	0.00321965560591672
MM1_HSA_HeLa-S3_TFAP2C	JUN	0.00987199831139317
MM1_HSA_HeLa-S3_TFAP2C	FOS	0.00915184858991123
MM1_HSA_HeLa-S3_TFAP2C	JUND	0.0113293552071708
MM1_HSA_HeLa-S3_USF2	USF2	7.21614372780827e-5
MM1_HSA_HeLa-S3_USF2	JUN	0.0219749949505823
MM1_HSA_HeLa-S3_USF2	JUND	0.02199570906179
MM1_HSA_HeLa-S3_USF2	FOS	0.0252876229289627
MM1_HSA_HeLa-S3_USF2	NFYA	0.0220438449837772
MM1_HSA_HeLa-S3_ZFP36	ZFP36	2.71785226058652e-4
MM1_HSA_HeLa-S3_ZHX1	ZHX1	0.012060731415672
MM1_HSA_HeLa-S3_ZHX1	CTCF	0.0248382568592053
MM1_HSA_HeLa-S3_ZHX1	ELK4	0.0081648532297072
MM1_HSA_HeLa-S3_ZHX1	MAZ	0.0201380100403296
MM1_HSA_HeLa-S3_ZHX1	NRF1	0.017170035671819298
MM1_HSA_HeLa-S3_ZKSCAN1	ZKSCAN1	4.1901117827218e-4
MM1_HSA_HeLa-S3_ZNF143	ZNF143	4.71577554728928e-5
MM1_HSA_HeLa-S3_ZNF143	USF2	0.0109382130337029
MM1_HSA_HeLa-S3_ZNF143	GABPA	0.0167557330882518
MM1_HSA_HeLa-S3_ZNF143	NFYA	0.00258780139655106
MM1_HSA_HeLa-S3_ZNF143	NFYB	0.0038324165253625
MM1_HSA_HepG2_ARID3A	ARID3A	0.030970933410922104
MM1_HSA_HepG2_ARID3A	CTCF	0.007869406867845995
MM1_HSA_HepG2_ARID3A	FOXA3	0.006887207694695514
MM1_HSA_HepG2_ARID3A	SOX5	0.005230743800775611
MM1_HSA_HepG2_ARID3A	BCL6	0.012446976051826184
MM1_HSA_HepG2_ATF1	ATF1	0.00470972702806613
MM1_HSA_HepG2_ATF1	CREB1	0.00470972702806613
MM1_HSA_HepG2_ATF1	CREM	0.0032763096736160703
MM1_HSA_HepG2_ATF1	ATF7	0.003149729279466889
MM1_HSA_HepG2_ATF1	ATF2	0.0033435142764588833
MM1_HSA_HepG2_ATF2	ATF2	0.006127313108955308
MM1_HSA_HepG2_ATF2	ATF7	0.008287693940051893
MM1_HSA_HepG2_ATF2	JUND	0.006547213325139213
MM1_HSA_HepG2_ATF2	JUN	0.030912934999265906
MM1_HSA_HepG2_ATF2	CREB1	0.05297613488065398
MM1_HSA_HepG2_ATF3	BHLHE40	0.014237895539870602
MM1_HSA_HepG2_ATF3	SP5	0.0032760857934603085
MM1_HSA_HepG2_ATF4	ATF4	0.03484565382347802
MM1_HSA_HepG2_ATF4	CEBPB	0.03763463770586277
MM1_HSA_HepG2_ATF4	CEBPA	0.05277648287674646
MM1_HSA_HepG2_ATF7	ATF7	0.027216700556834127
MM1_HSA_HepG2_ATF7	ATF2	0.03814424352064892
MM1_HSA_HepG2_ATF7	JUND	0.013041340778436892
MM1_HSA_HepG2_ATF7	JUN	0.04612196694558708
MM1_HSA_HepG2_ATF7	CEBPB	0.017448143734497327
MM1_HSA_HepG2_BACH1	BACH1	0.012667637729830096
MM1_HSA_HepG2_BACH1	NFE2L2	0.023627367665816325
MM1_HSA_HepG2_BACH1	MAFK	0.014824278972133181
MM1_HSA_HepG2_BACH1	MAFF	0.007991159067736928
MM1_HSA_HepG2_BACH1	FOSL2	0.04323816299189022
MM1_HSA_HepG2_BCL6	BCL6	0.018313913207177058
MM1_HSA_HepG2_BCL6	FOXA3	0.04871711626651254
MM1_HSA_HepG2_BCL6	HMG20A	0.020935593642119634
MM1_HSA_HepG2_BCL6	SOX5	0.01239808640585797
MM1_HSA_HepG2_BCL6	FOXA2	0.01531990182386161
MM1_HSA_HepG2_BHLHE40	BHLHE40	0.005262008468610649
MM1_HSA_HepG2_BHLHE40	USF1	0.018820672127433876
MM1_HSA_HepG2_BHLHE40	USF2	0.035177905537803394
MM1_HSA_HepG2_BHLHE40	ATF3	0.06751524584198428
MM1_HSA_HepG2_BHLHE40	MAX	0.03669811097129316
MM1_HSA_HepG2_CEBPA	CEBPA	0.0030145191862693916
MM1_HSA_HepG2_CEBPA	CEBPB	0.012147855630879887
MM1_HSA_HepG2_CEBPA	CEBPG	0.021743258366318085
MM1_HSA_HepG2_CEBPA	CEBPD	0.06589656256399866
MM1_HSA_HepG2_CEBPA	HLF	0.05320362131062622
MM1_HSA_HepG2_CEBPB	CEBPB	0.0018553850459749003
MM1_HSA_HepG2_CEBPB	CEBPA	0.003403926105898128
MM1_HSA_HepG2_CEBPB	CEBPG	0.0021763405642266664
MM1_HSA_HepG2_CEBPB	CEBPD	0.07566171538650988
MM1_HSA_HepG2_CEBPB	HLF	0.02173326225516816
MM1_HSA_HepG2_CEBPD	CEBPD	0.009772571750593729
MM1_HSA_HepG2_CEBPD	CEBPB	0.01507325127712545
MM1_HSA_HepG2_CEBPD	CEBPA	0.0668570036268987
MM1_HSA_HepG2_CEBPD	CEBPG	0.011684010671789775
MM1_HSA_HepG2_CEBPD	HLF	0.04981375452401358
MM1_HSA_HepG2_CEBPG	CEBPG	0.048541848328103196
MM1_HSA_HepG2_CEBPG	CEBPA	0.06545035088930626
MM1_HSA_HepG2_CEBPG	CEBPB	0.008449170763592568
MM1_HSA_HepG2_CEBPG	HLF	0.10957423973000494
MM1_HSA_HepG2_CEBPG	CEBPD	0.03458818732204056
MM1_HSA_HepG2_CREB1	CREB1	3.527536002516255e-4
MM1_HSA_HepG2_CREB1	ATF7	0.0016134579676177559
MM1_HSA_HepG2_CREB1	ATF2	0.0019020119971179291
MM1_HSA_HepG2_CREB1	CREM	0.02027229400497627
MM1_HSA_HepG2_CREB1	SP5	0.009355386666877592
MM1_HSA_HepG2_CREM	CREM	2.814905295737027e-4
MM1_HSA_HepG2_CREM	CREB1	5.227837852541443e-4
MM1_HSA_HepG2_CREM	GMEB2	0.007243096423721141
MM1_HSA_HepG2_CREM	ATF7	0.006103515625
MM1_HSA_HepG2_CREM	ATF2	0.006379569047351713
MM1_HSA_HepG2_CTCF	CTCF	1.822075946588992e-4
MM1_HSA_HepG2_CTCF	ARID3A	0.03269414968749342
MM1_HSA_HepG2_CTCF	ELF3	0.007528469434408331
MM1_HSA_HepG2_CTCF	SP5	0.008174656022718566
MM1_HSA_HepG2_CTCF	FOXA3	0.002313801141003305
MM1_HSA_HepG2_CUX1	CUX1	4.122698171414492e-4
MM1_HSA_HepG2_CUX1	FOXA3	0.009740691901363495
MM1_HSA_HepG2_CUX1	BCL6	0.01733842779197902
MM1_HSA_HepG2_CUX1	HNF4A	0.020908066757943215
MM1_HSA_HepG2_ELF1	ELF1	0.003730291715723185
MM1_HSA_HepG2_ELF1	ELF3	0.10668026175997922
MM1_HSA_HepG2_ELF1	ETV4	0.0531109916376661
MM1_HSA_HepG2_ELF1	GABPA	0.0272486581695274
MM1_HSA_HepG2_ELF1	SP5	0.026696333500715052
MM1_HSA_HepG2_ELF3	ELF3	0.0010569427929713344
MM1_HSA_HepG2_ETV4	ETV4	0.006063393220489484
MM1_HSA_HepG2_ETV4	ELF1	0.016667544493868775
MM1_HSA_HepG2_ETV4	ELF3	0.06332458217617776
MM1_HSA_HepG2_ETV4	GABPA	0.013800211746998995
MM1_HSA_HepG2_ETV4	SP5	0.00555680982767978
MM1_HSA_HepG2_FOS	JUND	0.023592664930555552
MM1_HSA_HepG2_FOS	FOXA3	0.008766645071898106
MM1_HSA_HepG2_FOS	HMG20A	0.012410413115232067
MM1_HSA_HepG2_FOSL2	FOSL2	0.002337830187551899
MM1_HSA_HepG2_FOSL2	JUND	0.018376443972942937
MM1_HSA_HepG2_FOSL2	FOS	0.024861460603859353
MM1_HSA_HepG2_FOSL2	FOXA3	0.028239966585492087
MM1_HSA_HepG2_FOSL2	HMG20A	0.017548088326986178
MM1_HSA_HepG2_FOXA2	FOXA2	0.013907846258512465
MM1_HSA_HepG2_FOXA2	FOXA3	0.031674850895078946
MM1_HSA_HepG2_FOXA2	BCL6	0.015323885887964748
MM1_HSA_HepG2_FOXA2	HMG20A	0.026986651881296415
MM1_HSA_HepG2_FOXA2	SOX5	0.014611029172038006
MM1_HSA_HepG2_FOXA3	FOXA3	0.004066728113192947
MM1_HSA_HepG2_FOXA3	HMG20A	0.107960922731569
MM1_HSA_HepG2_GABPA	GABPA	0.009374659855456696
MM1_HSA_HepG2_GABPA	ELF1	0.016349910787079456
MM1_HSA_HepG2_GABPA	ETV4	0.036680089600218874
MM1_HSA_HepG2_GABPA	SP5	0.011715945975468932
MM1_HSA_HepG2_GABPA	ELF3	0.01591659772600036
MM1_HSA_HepG2_GMEB2	GMEB2	0.016649323621227886
MM1_HSA_HepG2_GMEB2	CREM	0.016649323621227886
MM1_HSA_HepG2_GMEB2	CREB1	0.007785467128027683
MM1_HSA_HepG2_GMEB2	ATF7	0.0026886145404663923
MM1_HSA_HepG2_HES1	HES1	4.84224248902504e-4
MM1_HSA_HepG2_HES1	BHLHE40	0.0016797285234194522
MM1_HSA_HepG2_HES1	MAX	0.005857263947850953
MM1_HSA_HepG2_HES1	USF1	0.004900000000000001
MM1_HSA_HepG2_HES1	USF2	0.006032613818456027
MM1_HSA_HepG2_HLF	HLF	0.0028701026081769465
MM1_HSA_HepG2_HLF	CEBPA	0.053628847660680885
MM1_HSA_HepG2_HLF	CEBPB	0.050183252747916234
MM1_HSA_HepG2_HLF	NFIL3	0.08457453723133124
MM1_HSA_HepG2_HLF	CEBPG	0.12843413664059727
MM1_HSA_HepG2_HMG20A	HMG20A	0.012419039778784375
MM1_HSA_HepG2_HMG20A	FOXA3	0.03621886322114356
MM1_HSA_HepG2_HMG20A	BCL6	0.0333945808545413
MM1_HSA_HepG2_HMG20A	SOX5	0.019733881220958482
MM1_HSA_HepG2_HMG20A	FOXA2	0.020137187743889246
MM1_HSA_HepG2_HNF1A	HNF1A	5.407870632336135e-4
MM1_HSA_HepG2_HNF4A	HNF4A	0.01071723151118852
MM1_HSA_HepG2_HNF4A	HNF4G	0.031701866783489185
MM1_HSA_HepG2_HNF4A	PPARG	0.026087937461824896
MM1_HSA_HepG2_HNF4A	FOXA3	0.009748238579658236
MM1_HSA_HepG2_HNF4A	NR2F1	0.013139575054175172
MM1_HSA_HepG2_HNF4G	HNF4G	0.011209412828735955
MM1_HSA_HepG2_HNF4G	HNF4A	0.017944623004805326
MM1_HSA_HepG2_HNF4G	PPARG	0.03398073904604978
MM1_HSA_HepG2_HNF4G	NR2F1	0.018682868008351644
MM1_HSA_HepG2_HNF4G	NR2F6	0.02158845992711817
MM1_HSA_HepG2_JUN	JUN	0.23408633364367662
MM1_HSA_HepG2_JUN	ATF7	0.24805044497048057
MM1_HSA_HepG2_JUN	ATF2	0.16179813456454425
MM1_HSA_HepG2_JUN	JUND	0.0038209649840330985
MM1_HSA_HepG2_JUN	CEBPB	0.05761150887078881
MM1_HSA_HepG2_JUND	JUND	0.2521680627517033
MM1_HSA_HepG2_JUND	ATF7	0.38379958212186965
MM1_HSA_HepG2_JUND	ATF2	0.27440263487729355
MM1_HSA_HepG2_JUND	JUN	0.12353823554745041
MM1_HSA_HepG2_JUND	FOSL2	0.4347268260306841
MM1_HSA_HepG2_MAFF	MAFF	0.029960939544864836
MM1_HSA_HepG2_MAFF	MAFK	0.037152620758517406
MM1_HSA_HepG2_MAFF	BACH1	0.03353301186568407
MM1_HSA_HepG2_MAFF	NFE2L2	0.0323830186539937
MM1_HSA_HepG2_MAFK	MAFK	0.0012447096638876622
MM1_HSA_HepG2_MAFK	MAFF	0.0030314195856981354
MM1_HSA_HepG2_MAFK	NFE2L2	0.05280802462656601
MM1_HSA_HepG2_MAFK	BACH1	0.04545871847686992
MM1_HSA_HepG2_MAX	MAX	9.182504088536966e-4
MM1_HSA_HepG2_MAX	USF1	0.004476485781326833
MM1_HSA_HepG2_MAX	MXI1	0.0244974519742986
MM1_HSA_HepG2_MAX	USF2	0.011926083789813455
MM1_HSA_HepG2_MAX	MYC	0.021724722794107726
MM1_HSA_HepG2_MAZ	MAZ	0.0044444444444444444
MM1_HSA_HepG2_MAZ	SP5	0.0044444444444444444
MM1_HSA_HepG2_MAZ	CTCF	0.012009757928316756
MM1_HSA_HepG2_MNT	MNT	3.544100237192088e-4
MM1_HSA_HepG2_MNT	MAX	0.10575827315843367
MM1_HSA_HepG2_MNT	MXI1	0.08291812160209398
MM1_HSA_HepG2_MNT	USF1	0.10431754836032134
MM1_HSA_HepG2_MNT	USF2	0.07885612270035992
MM1_HSA_HepG2_MXI1	MXI1	0.010280011582533798
MM1_HSA_HepG2_MXI1	MAX	0.022273850419527338
MM1_HSA_HepG2_MXI1	USF1	0.009852514411258749
MM1_HSA_HepG2_MXI1	USF2	0.01586084572333088
MM1_HSA_HepG2_MXI1	MNT	0.0021137334558751714
MM1_HSA_HepG2_MYC	MYC	0.0018769487907705953
MM1_HSA_HepG2_MYC	MAX	0.007502015004030008
MM1_HSA_HepG2_MYC	USF1	1.1392499943558684e-5
MM1_HSA_HepG2_MYC	MXI1	0.00471280679063094
MM1_HSA_HepG2_MYC	USF2	0.004766841434318282
MM1_HSA_HepG2_NFE2L2	NFE2L2	0.008374697578761815
MM1_HSA_HepG2_NFE2L2	BACH1	0.030368230547884484
MM1_HSA_HepG2_NFE2L2	MAFK	0.01662183683220102
MM1_HSA_HepG2_NFE2L2	MAFF	0.011414491122470878
MM1_HSA_HepG2_NFE2L2	FOSL2	0.06142980077234158
MM1_HSA_HepG2_NFIA	NFIA	9.238228918931552e-5
MM1_HSA_HepG2_NFIA	FOXA3	0.010418558787217678
MM1_HSA_HepG2_NFIA	HNF4A	0.01622314702901487
MM1_HSA_HepG2_NFIA	NFIC	0.013058155330977777
MM1_HSA_HepG2_NFIL3	NFIL3	0.034873356580145676
MM1_HSA_HepG2_NFIL3	HLF	0.07569754466648913
MM1_HSA_HepG2_NFIL3	CEBPG	0.16391632373113857
MM1_HSA_HepG2_NFIL3	CEBPB	0.02301984958462855
MM1_HSA_HepG2_NFIL3	CEBPA	0.0013741481308105895
MM1_HSA_HepG2_NFYC	NFYC	0.001279392953823346
MM1_HSA_HepG2_NFYC	SP5	0.07852900839455183
MM1_HSA_HepG2_NFYC	USF1	0.04077977395253827
MM1_HSA_HepG2_NFYC	USF2	0.036682620541547174
MM1_HSA_HepG2_NFYC	ELF1	0.07191740329061469
MM1_HSA_HepG2_NR2F1	NR2F1	9.228691670018337e-4
MM1_HSA_HepG2_NR2F1	NR2F6	0.004603066322968039
MM1_HSA_HepG2_NR2F1	RARA	0.054685659210271645
MM1_HSA_HepG2_NR2F1	NR2F2	0.01535522942543848
MM1_HSA_HepG2_NR2F1	RXRA	0.023642877016860343
MM1_HSA_HepG2_NR2F2	RXRA	0.0169942069712841
MM1_HSA_HepG2_NR2F2	PPARG	0.022357112056406975
MM1_HSA_HepG2_NR2F6	NR2F6	0.006147050414929678
MM1_HSA_HepG2_NR2F6	NR2F1	0.01395982183575247
MM1_HSA_HepG2_NR2F6	NR2F2	0.009015849353269254
MM1_HSA_HepG2_NR2F6	RXRA	0.010363342693169566
MM1_HSA_HepG2_NR2F6	HNF4A	0.01453733607891639
MM1_HSA_HepG2_NRF1	NRF1	0.0015243860730194904
MM1_HSA_HepG2_NRF1	SP5	0.032042889706580875
MM1_HSA_HepG2_NRF1	MAZ	0.05400191645354681
MM1_HSA_HepG2_NRF1	ELF1	0.06338876487485452
MM1_HSA_HepG2_NRF1	GABPA	0.06086845330065533
MM1_HSA_HepG2_PBX2	PBX2	4.280252295112278e-4
MM1_HSA_HepG2_PBX2	NFYC	0.007091667366396995
MM1_HSA_HepG2_PBX2	SP5	0.016681445652085868
MM1_HSA_HepG2_PPARG	PPARG	0.003009693851551557
MM1_HSA_HepG2_PPARG	HNF4A	0.016468061884374125
MM1_HSA_HepG2_PPARG	HNF4G	0.029576023957121556
MM1_HSA_HepG2_PPARG	RARA	0.018563992854184273
MM1_HSA_HepG2_PPARG	FOXA3	0.005778622520953205
MM1_HSA_HepG2_REST	REST	2.555549825301715e-4
MM1_HSA_HepG2_REST	CTCF	0.06774895320889435
MM1_HSA_HepG2_RFX1	RFX1	0.015705877928586652
MM1_HSA_HepG2_RFX1	RFX3	0.023165897414016205
MM1_HSA_HepG2_RFX1	RFX5	0.006895997046756189
MM1_HSA_HepG2_RFX1	SP5	0.09182736455463729
MM1_HSA_HepG2_RFX1	ELF1	0.08560447107837216
MM1_HSA_HepG2_RFX3	RFX3	0.007058734643291498
MM1_HSA_HepG2_RFX3	RFX1	0.030483876246382654
MM1_HSA_HepG2_RFX3	RFX5	0.031052867469973208
MM1_HSA_HepG2_RFX3	SP5	0.04304750244144184
MM1_HSA_HepG2_RFX3	ELF1	0.14641781108802146
MM1_HSA_HepG2_RFX5	RFX5	0.012483911583675601
MM1_HSA_HepG2_RFX5	RFX1	0.05788017513583831
MM1_HSA_HepG2_RFX5	RFX3	0.08111783590441643
MM1_HSA_HepG2_RXRA	RXRA	0.008976763520668379
MM1_HSA_HepG2_RXRA	NR2F1	0.01829786000117659
MM1_HSA_HepG2_RXRA	NR2F6	0.035453432547778774
MM1_HSA_HepG2_RXRA	HNF4A	0.0341259838152783
MM1_HSA_HepG2_RXRA	NR2F2	0.04688349688149379
MM1_HSA_HepG2_SOX5	SOX5	0.005246548323471401
MM1_HSA_HepG2_SOX5	HMG20A	0.029430084085954544
MM1_HSA_HepG2_SOX5	FOXA3	0.014849999999999995
MM1_HSA_HepG2_SOX5	BCL6	0.03276761562676999
MM1_HSA_HepG2_SOX5	FOXA2	0.03627551020408165
MM1_HSA_HepG2_SP2	SP2	0.0025854639471416265
MM1_HSA_HepG2_SP2	SP5	0.0025854639471416265
MM1_HSA_HepG2_SP5	SP5	0.0015778365655856558
MM1_HSA_HepG2_SP5	MAZ	0.06555752190675407
MM1_HSA_HepG2_SP5	ELF1	0.04311903707010302
MM1_HSA_HepG2_SP5	ELF3	0.005092627973282334
MM1_HSA_HepG2_SP5	FOXA3	0.04781469954502227
MM1_HSA_HepG2_SRF	SRF	3.5994386457883376e-4
MM1_HSA_HepG2_TCF7	TCF7	0.005984244251573125
MM1_HSA_HepG2_TFAP4	TFAP4	6.512234470288233e-4
MM1_HSA_HepG2_USF1	USF1	0.007328181707028651
MM1_HSA_HepG2_USF1	USF2	0.022271177110471663
MM1_HSA_HepG2_USF1	BHLHE40	0.021534235215199014
MM1_HSA_HepG2_USF1	TFE3	0.022084779014091168
MM1_HSA_HepG2_USF1	MAX	0.05107286115487132
MM1_HSA_HepG2_USF2	USF2	0.001311597426627093
MM1_HSA_HepG2_USF2	USF1	0.0037557644381688796
MM1_HSA_HepG2_USF2	BHLHE40	0.007067386029006545
MM1_HSA_HepG2_USF2	ATF3	0.023027194241776856
MM1_HSA_HepG2_USF2	MAX	0.0214296845658859
MM1_HSA_HepG2_YY1	YY1	0.011964950717326105
MM1_HSA_HepG2_YY1	TAF1	0.07612363447064453
MM1_HSA_HepG2_YY1	SP5	0.0514401105324689
MM1_HSA_HepG2_YY1	ELF1	0.018340130943436714
MM1_HSA_HepG2_YY1	CTCF	0.005324792571926122
MM1_HSA_HepG2_ZBTB33	ZBTB33	3.0215353223758543e-4
MM1_HSA_HepG2_ZBTB33	SP5	0.012051744813765683
MM1_HSA_HepG2_ZBTB33	ELF1	0.001423104773819414
MM1_HSA_HepG2_ZBTB33	GABPA	0.010245820503214764
MM1_HSA_HepG2_ZBTB33	YY1	0.011781132457795622
MM1_HSA_HepG2_ZBTB40	ZBTB40	2.9824058094498416e-6
MM1_HSA_HepG2_ZFP36	ZFP36	0.002178477243051924
MM1_HSA_HepG2_ZFP64	ZFP64	7.186306047774502e-5
MM1_HSA_HepG2_ZFP64	HNF4A	0.01968973207096643
MM1_HSA_HepG2_ZFP64	CTCF	0.019460968229111888
MM1_HSA_HepG2_ZFP64	SP5	0.01962440415878865
MM1_HSA_HepG2_ZFP64	FOXA3	0.02415166791128543
MM1_HSA_HepG2_ZKSCAN1	ZKSCAN1	5.51754674245777e-4
MM1_HSA_HepG2_ZMYM3	ZMYM3	0.002906143805064517
MM1_HSA_HepG2_ZMYM3	CEBPA	0.06349133040509344
MM1_HSA_HepG2_ZMYM3	CEBPG	0.048278919029365534
MM1_HSA_HepG2_ZMYM3	SOX5	0.04043733821955606
MM1_HSA_HepG2_ZMYM3	CEBPB	0.055512362568046356
MM1_HSA_HepG2_ZNF143	ZNF143	0.002594450985174174
MM1_HSA_HepG2_ZNF143	CTCF	0.04938212872359037
MM1_HSA_HepG2_ZNF143	SP5	0.00985765306122449
MM1_HSA_HepG2_ZNF143	ELF1	0.003949609304322228
MM1_HSA_HepG2_ZNF143	GABPA	0.00850400005817333
MM1_HSA_HepG2_ZNF24	ZNF24	4.344954231827188e-5
MM1_HSA_HepG2_ZNF652	ZNF652	5.642170686194512e-4
MM1_HSA_HUES64_CDX2	CDX2	2.801404910803963e-4
MM1_HSA_HUES64_FOXA1	FOXA1	0.0013771611521887488
MM1_HSA_HUES64_FOXA1	FOXA2	0.005350887335496687
MM1_HSA_HUES64_FOXA2	FOXA2	0.004186123553342713
MM1_HSA_HUES64_FOXA2	FOXA1	0.00847206503296801
MM1_HSA_HUES64_GATA4	GATA4	1.3838740812597975e-4
MM1_HSA_HUES64_KLF5	KLF5	1.010699903675463e-5
MM1_HSA_HUES64_POU5F1	POU5F1	0.0018839429554799645
MM1_HSA_HUES64_PRDM1	PRDM1	8.018367429035202e-5
MM1_HSA_HUES64_SOX17	SOX17	0.0019245982990378295
MM1_HSA_HUES64_TCF7L2	TCF7L2	2.1031469959080235e-4
MM1_HSA_IMR-90_BHLHE40	BHLHE40	0.005891763426965832
MM1_HSA_IMR-90_BHLHE40	USF2	0.0390097021352998
MM1_HSA_IMR-90_BHLHE40	MAZ	0.10841616752787957
MM1_HSA_IMR-90_BHLHE40	FOS	0.011592143356948584
MM1_HSA_IMR-90_BHLHE40	CTCF	0.017632360511945663
MM1_HSA_IMR-90_CEBPB	CEBPB	8.05459278994158e-5
MM1_HSA_IMR-90_CEBPB	FOS	0.16317201658773323
MM1_HSA_IMR-90_CEBPB	CTCF	0.29883367422051144
MM1_HSA_IMR-90_CEBPB	NFE2L2	0.07214930285170146
MM1_HSA_IMR-90_CEBPB	MAFK	0.019613217267553596
MM1_HSA_IMR-90_CTCF	CTCF	2.625764507572014e-4
MM1_HSA_IMR-90_CTCF	MAZ	0.048012020420450684
MM1_HSA_IMR-90_CTCF	USF2	0.008372756423265333
MM1_HSA_IMR-90_CTCF	CEBPB	0.0028666225546052854
MM1_HSA_IMR-90_CTCF	MAFK	0.010357888038942083
MM1_HSA_IMR-90_FOS	FOS	0.001796766598011768
MM1_HSA_IMR-90_FOS	NFE2L2	0.03967916307441115
MM1_HSA_IMR-90_FOS	MAFK	0.054680788218084246
MM1_HSA_IMR-90_FOS	CEBPB	0.003913495185364173
MM1_HSA_IMR-90_FOS	USF2	0.024644316340097623
MM1_HSA_IMR-90_MAFK	MAFK	7.088533772982877e-4
MM1_HSA_IMR-90_MAFK	NFE2L2	0.041419559263386654
MM1_HSA_IMR-90_MAFK	FOS	0.06744160790121036
MM1_HSA_IMR-90_MAZ	CTCF	0.0026905972944849116
MM1_HSA_IMR-90_MAZ	FOS	0.016555498371966227
MM1_HSA_IMR-90_MXI1	MXI1	0.003858793524313705
MM1_HSA_IMR-90_MXI1	USF2	0.027934368176031784
MM1_HSA_IMR-90_MXI1	FOS	0.002590679761055067
MM1_HSA_IMR-90_MXI1	BHLHE40	0.0017128226011963034
MM1_HSA_IMR-90_MXI1	CTCF	0.02344230299742077
MM1_HSA_IMR-90_NFE2L2	NFE2L2	4.4049332312888e-4
MM1_HSA_IMR-90_NFE2L2	MAFK	0.00819542649918069
MM1_HSA_IMR-90_NFE2L2	FOS	0.10203348773979085
MM1_HSA_IMR-90_NFE2L2	MAZ	0.10683399118754153
MM1_HSA_IMR-90_RFX5	RFX5	5.974449260043793e-5
MM1_HSA_IMR-90_USF2	USF2	0.006491375974644787
MM1_HSA_IMR-90_USF2	BHLHE40	0.04793092657153286
MM1_HSA_IMR-90_USF2	FOS	0.014658895613385828
MM1_HSA_IMR-90_USF2	MXI1	0.07437718957578247
MM1_HSA_IMR-90_USF2	MAZ	0.14174152078873903
MM1_HSA_K562_AFF1	AFF1	0.008521041414734023
MM1_HSA_K562_AFF1	ZNF184	0.11065389386879664
MM1_HSA_K562_ARID3A	ARID3A	0.002743764172335601
MM1_HSA_K562_ARID3A	CTCF	0.002743764172335601
MM1_HSA_K562_ATF1	ATF1	0.001717376255227174
MM1_HSA_K562_ATF1	ATF7	0.0031945723898655328
MM1_HSA_K562_ATF1	ATF2	0.016431258602893715
MM1_HSA_K562_ATF1	CREB1	0.019083560759374327
MM1_HSA_K562_ATF1	CREM	0.010854779740682349
MM1_HSA_K562_ATF2	ATF2	1.8013527658570326e-4
MM1_HSA_K562_ATF2	ATF7	0.0015090213117034497
MM1_HSA_K562_ATF2	ATF1	0.014124125407701206
MM1_HSA_K562_ATF2	ATF4	0.036189047846590466
MM1_HSA_K562_ATF2	CREB1	0.02804185912918364
MM1_HSA_K562_ATF3	ATF3	0.1393054068615889
MM1_HSA_K562_ATF3	JUND	0.21209040102657897
MM1_HSA_K562_ATF3	FOS	0.11647638951909718
MM1_HSA_K562_ATF3	FOSL1	0.19504510213575452
MM1_HSA_K562_ATF3	JUN	0.12000085062466272
MM1_HSA_K562_ATF4	ATF4	0.0016620359596868466
MM1_HSA_K562_ATF4	CEBPB	0.026492697225917922
MM1_HSA_K562_ATF4	ATF7	0.004752816717342679
MM1_HSA_K562_ATF4	ATF2	0.007651880435742004
MM1_HSA_K562_ATF4	ATF3	0.02067012415077845
MM1_HSA_K562_ATF7	ATF7	0.01156171642275407
MM1_HSA_K562_ATF7	ATF2	0.013424860342788936
MM1_HSA_K562_ATF7	ATF1	0.030478350253949963
MM1_HSA_K562_ATF7	ATF4	0.026290328633854713
MM1_HSA_K562_ATF7	CREB1	0.05066669575696279
MM1_HSA_K562_BHLHE40	BHLHE40	9.141951135467168e-4
MM1_HSA_K562_BHLHE40	USF1	0.004420742223640233
MM1_HSA_K562_BHLHE40	MAX	0.0119831195775352
MM1_HSA_K562_BHLHE40	USF2	0.0386607538031473
MM1_HSA_K562_BHLHE40	MNT	0.06226344420460397
MM1_HSA_K562_C11orf30	C11orf30	0.007854389651803254
MM1_HSA_K562_C11orf30	ZNF316	0.011274296893199602
MM1_HSA_K562_C11orf30	MAFG	0.043318468627104235
MM1_HSA_K562_C11orf30	MAFF	0.010655434418682892
MM1_HSA_K562_C11orf30	MAFK	0.015663644302782137
MM1_HSA_K562_CBFA2T3	CBFA2T3	0.0017414067980598723
MM1_HSA_K562_CBFA2T3	TAL1	0.008364678251041889
MM1_HSA_K562_CBFA2T3	TCF12	0.001193274731961878
MM1_HSA_K562_CBFA2T3	GATA1	0.030521249684663333
MM1_HSA_K562_CBFA2T3	FOXM1	0.028347563515202
MM1_HSA_K562_CEBPB	CEBPB	0.0015778226021940054
MM1_HSA_K562_CEBPB	ATF4	0.0896266176122293
MM1_HSA_K562_CEBPB	ATF7	0.19047412267624353
MM1_HSA_K562_CEBPB	ATF3	0.17404948836737424
MM1_HSA_K562_CEBPB	JUND	0.12221260825038065
MM1_HSA_K562_CEBPD	CEBPD	0.10859517241744714
MM1_HSA_K562_CEBPD	CEBPB	0.17998855925005466
MM1_HSA_K562_CEBPD	ATF4	0.0880553372488445
MM1_HSA_K562_CEBPD	ATF3	0.14795349024064092
MM1_HSA_K562_CREB1	CREB1	0.0037677173660650523
MM1_HSA_K562_CREB1	ATF1	0.01140377938202354
MM1_HSA_K562_CREB1	ATF2	0.0017549346431318272
MM1_HSA_K562_CREB1	ATF7	0.003507832946467469
MM1_HSA_K562_CREB1	CREM	0.01327537041188574
MM1_HSA_K562_CREB3L1	CREB3L1	0.0019632156369798976
MM1_HSA_K562_CREB3L1	MNT	0.01736626640526967
MM1_HSA_K562_CREB3L1	MAX	0.026406250000000003
MM1_HSA_K562_CREB3L1	USF1	0.020200767013465997
MM1_HSA_K562_CREB3L1	MAZ	0.01963992529945103
MM1_HSA_K562_CREM	CREM	0.0062070268303598694
MM1_HSA_K562_CREM	CREB1	0.04811682986430664
MM1_HSA_K562_CREM	ATF2	0.0030707856365310084
MM1_HSA_K562_CREM	ATF7	6.429462517112295e-4
MM1_HSA_K562_CREM	ATF1	0.020223574708332786
MM1_HSA_K562_CTCF	CTCF	6.321056160645003e-4
MM1_HSA_K562_CTCF	CTCFL	0.004289520165805465
MM1_HSA_K562_CTCF	ARID2	0.0187934832396814
MM1_HSA_K562_CTCF	MAZ	0.016774640390376627
MM1_HSA_K562_CTCF	ARID3A	0.01829952973457019
MM1_HSA_K562_CTCFL	CTCFL	0.025039991598823363
MM1_HSA_K562_CTCFL	CTCF	0.031221635935632312
MM1_HSA_K562_CTCFL	MAZ	0.015701374631647315
MM1_HSA_K562_CTCFL	ZHX1	0.017313019390581722
MM1_HSA_K562_CTCFL	ARID2	0.017019666562532478
MM1_HSA_K562_E2F1	E2F1	3.0921459492888105e-4
MM1_HSA_K562_E2F1	E2F7	0.004947433518862091
MM1_HSA_K562_E2F1	MAZ	0.008368351957588204
MM1_HSA_K562_E2F1	GABPB1	0.008591305414857281
MM1_HSA_K562_E2F1	E4F1	0.003757409740090018
MM1_HSA_K562_E2F4	E2F4	0.0132067888902398
MM1_HSA_K562_E2F4	MAZ	0.050419595198003944
MM1_HSA_K562_E2F4	SP1	0.03420996100204904
MM1_HSA_K562_E2F4	VEZF1	0.02067277202011687
MM1_HSA_K562_E2F4	EGR1	0.009941294125648398
MM1_HSA_K562_E2F7	E2F7	0.01304792800300017
MM1_HSA_K562_E2F7	E2F1	0.020009851459170985
MM1_HSA_K562_E2F7	MAZ	0.0033776471253321276
MM1_HSA_K562_E2F7	NFYB	0.011628699344881338
MM1_HSA_K562_E2F8	GABPA	0.00400576830636116
MM1_HSA_K562_E2F8	ZNF75A	0.0028596757127741703
MM1_HSA_K562_E4F1	E4F1	0.018637278213477753
MM1_HSA_K562_E4F1	GABPB1	0.0408194042257668
MM1_HSA_K562_E4F1	ELF4	0.0418881058578907
MM1_HSA_K562_E4F1	ELF1	0.029956863519721016
MM1_HSA_K562_E4F1	GABPA	0.04450301496400287
MM1_HSA_K562_EGR1	EGR1	4.5467978281040774e-4
MM1_HSA_K562_EGR1	MAZ	0.055098052128372356
MM1_HSA_K562_EGR1	VEZF1	0.027633294395466888
MM1_HSA_K562_EGR1	E2F4	0.05581899045064941
MM1_HSA_K562_EGR1	KLF13	0.0985019087077522
MM1_HSA_K562_ELF1	ELF1	0.002187135153316991
MM1_HSA_K562_ELF1	E4F1	0.0037264935257882792
MM1_HSA_K562_ELF1	ELF4	0.022387838236309972
MM1_HSA_K562_ELF1	GABPB1	0.01876206888739011
MM1_HSA_K562_ELF1	GABPA	0.021239983063747823
MM1_HSA_K562_ELF4	ELF4	0.011541829404656295
MM1_HSA_K562_ELF4	E4F1	0.02770927603795399
MM1_HSA_K562_ELF4	ELF1	0.02169603827855887
MM1_HSA_K562_ELF4	GABPB1	0.0245165399385899
MM1_HSA_K562_ELF4	GABPA	0.02967729845752037
MM1_HSA_K562_ELK1	ELK1	0.003573960302457467
MM1_HSA_K562_ELK1	GABPA	0.003573960302457467
MM1_HSA_K562_ELK1	E4F1	0.0025729888678848985
MM1_HSA_K562_ELK1	ZNF75A	0.002875936669685239
MM1_HSA_K562_ESRRA	ESRRA	0.0016475803709224259
MM1_HSA_K562_ETV6	ETV6	0.002207176531678252
MM1_HSA_K562_ETV6	SPI1	0.012066302011206221
MM1_HSA_K562_ETV6	E4F1	0.09262959172877369
MM1_HSA_K562_ETV6	ELF4	0.10875371921303315
MM1_HSA_K562_FOS	FOS	0.041583296626861756
MM1_HSA_K562_FOS	JUND	0.07495905374367852
MM1_HSA_K562_FOS	FOSL1	0.02855040288101118
MM1_HSA_K562_FOS	JUN	0.03798624417809007
MM1_HSA_K562_FOS	DPF2	0.02363748015515482
MM1_HSA_K562_FOSL1	FOSL1	0.010656951142299375
MM1_HSA_K562_FOSL1	JUND	0.018241145681694895
MM1_HSA_K562_FOSL1	FOS	0.018298339809612662
MM1_HSA_K562_FOSL1	JUN	0.030409016483875746
MM1_HSA_K562_FOSL1	DPF2	0.014165778475718703
MM1_HSA_K562_FOXK2	FOXK2	2.250092749470463e-4
MM1_HSA_K562_FOXM1	GATA1	0.0088999644001424
MM1_HSA_K562_GABPA	GABPA	0.00627636706270113
MM1_HSA_K562_GABPA	GABPB1	0.0093387645078448
MM1_HSA_K562_GABPA	E4F1	0.03825232858227021
MM1_HSA_K562_GABPA	ZNF75A	0.021876362939467767
MM1_HSA_K562_GABPA	ELF1	0.04088523479937665
MM1_HSA_K562_GABPB1	GABPB1	0.009427731463768844
MM1_HSA_K562_GABPB1	GABPA	0.023208114232030484
MM1_HSA_K562_GABPB1	E4F1	0.048178178624964735
MM1_HSA_K562_GABPB1	ELF4	0.049569785271250943
MM1_HSA_K562_GABPB1	ELF1	0.045198288518487166
MM1_HSA_K562_GATA1	GATA1	0.006471799810152847
MM1_HSA_K562_GATA1	CBFA2T3	0.019469983775013522
MM1_HSA_K562_GATA1	TAL1	0.004691311690748733
MM1_HSA_K562_GATA1	TCF12	0.007561436672967863
MM1_HSA_K562_GATA1	FOXM1	0.0047562425683709865
MM1_HSA_K562_IRF1	IRF1	0.0023549300801153352
MM1_HSA_K562_IRF1	IRF2	0.007514805701316809
MM1_HSA_K562_IRF2	IRF2	0.002680136285529618
MM1_HSA_K562_IRF2	IRF1	0.007816603443157552
MM1_HSA_K562_IRF2	GABPB1	0.011061914691771582
MM1_HSA_K562_IRF2	E4F1	0.023911005855895635
MM1_HSA_K562_IRF2	SPI1	0.011012160118873144
MM1_HSA_K562_JUN	FOSL1	0.0016252417460123239
MM1_HSA_K562_JUN	DPF2	0.00799048285181813
MM1_HSA_K562_JUND	JUND	0.0068947195683444215
MM1_HSA_K562_JUND	FOS	0.013741724814416559
MM1_HSA_K562_JUND	FOSL1	0.004964674682563301
MM1_HSA_K562_JUND	JUN	0.01949692169643906
MM1_HSA_K562_JUND	DPF2	0.007720015296483151
MM1_HSA_K562_KLF13	KLF13	0.002132488980330822
MM1_HSA_K562_KLF13	MAZ	0.027415856199657303
MM1_HSA_K562_KLF13	EGR1	0.009437711712331797
MM1_HSA_K562_KLF13	E2F4	0.023483003385041747
MM1_HSA_K562_KLF13	SP1	0.026516620830627474
MM1_HSA_K562_MAFF	MAFF	0.012256685774050438
MM1_HSA_K562_MAFF	ZNF316	0.018778209391034296
MM1_HSA_K562_MAFF	MAFK	0.0067054942180183675
MM1_HSA_K562_MAFF	C11orf30	0.06034676869895569
MM1_HSA_K562_MAFF	MAFG	0.10306243403159393
MM1_HSA_K562_MAFG	MAFG	0.003596560123195914
MM1_HSA_K562_MAFG	ZNF316	0.012203678504502524
MM1_HSA_K562_MAFG	C11orf30	0.019472385215261713
MM1_HSA_K562_MAFG	NFE2	0.04454795070368176
MM1_HSA_K562_MAFG	MAFF	0.007548903966726355
MM1_HSA_K562_MAFK	MAFK	0.017292581124181833
MM1_HSA_K562_MAFK	ZNF316	0.027450734065618397
MM1_HSA_K562_MAFK	MAFF	0.009733463937904465
MM1_HSA_K562_MAFK	C11orf30	0.050517290786308414
MM1_HSA_K562_MAFK	MAFG	0.07098746415281446
MM1_HSA_K562_MAX	MAX	0.002158018269376098
MM1_HSA_K562_MAX	USF1	0.021224783490551638
MM1_HSA_K562_MAX	MNT	0.05750172285948175
MM1_HSA_K562_MAX	BHLHE40	0.011962626397056742
MM1_HSA_K562_MAX	MYC	0.006899557191802199
MM1_HSA_K562_MAZ	MAZ	1.2559247977222678e-4
MM1_HSA_K562_MAZ	VEZF1	0.006526450010672566
MM1_HSA_K562_MAZ	E2F4	0.01468597432823886
MM1_HSA_K562_MAZ	EGR1	0.01512007155098212
MM1_HSA_K562_MAZ	CTCF	0.0032911993940531394
MM1_HSA_K562_MEIS2	MEIS2	0.025532501964615772
MM1_HSA_K562_MEIS2	PBX2	0.058277694562370246
MM1_HSA_K562_MITF	MITF	0.002216504365228536
MM1_HSA_K562_MITF	USF1	0.004202848369657095
MM1_HSA_K562_MITF	USF2	0.007502973497128062
MM1_HSA_K562_MITF	BHLHE40	0.015391786051086069
MM1_HSA_K562_MITF	MAZ	0.007263688016528925
MM1_HSA_K562_MNT	MNT	1.5222427519297783e-5
MM1_HSA_K562_MNT	MAX	3.952838025445022e-5
MM1_HSA_K562_MNT	USF1	0.0036737816447528797
MM1_HSA_K562_MNT	BHLHE40	1.8202317634965652e-4
MM1_HSA_K562_MNT	USF2	0.009500447314342403
MM1_HSA_K562_NFE2	NFE2	0.001191343273555241
MM1_HSA_K562_NFE2	MAFG	0.004147246777477339
MM1_HSA_K562_NFE2	NFE2L2	0.009118181322250308
MM1_HSA_K562_NFE2	C11orf30	0.009913635793756278
MM1_HSA_K562_NFE2	ZNF316	0.006322287572895557
MM1_HSA_K562_NFE2L1	NFE2L2	0.05962008332744862
MM1_HSA_K562_NFE2L1	C11orf30	0.10674715242774137
MM1_HSA_K562_NFE2L2	NFE2L2	0.016286140995978502
MM1_HSA_K562_NFE2L2	NFE2	0.022009192730346572
MM1_HSA_K562_NFE2L2	MAFG	0.0184618874121514
MM1_HSA_K562_NFE2L2	C11orf30	0.02335892340129329
MM1_HSA_K562_NFE2L2	MAFK	0.024994058465342466
MM1_HSA_K562_NFIA	NFIA	0.0023940635446420126
MM1_HSA_K562_NFIA	NFIC	0.004242337182063969
MM1_HSA_K562_NFIA	CTCF	0.00974189202329416
MM1_HSA_K562_NFIA	SMAD1	0.022387911266196762
MM1_HSA_K562_NFIC	NFIC	0.002589119490704598
MM1_HSA_K562_NFIC	NFIA	0.004187694434847387
MM1_HSA_K562_NFIC	CTCF	0.011046928532705686
MM1_HSA_K562_NFIC	SMAD1	0.02563312982352947
MM1_HSA_K562_NFYB	NFYB	1.345553960629125e-4
MM1_HSA_K562_NFYB	USF1	0.08170765919555362
MM1_HSA_K562_NFYB	MAZ	0.17294675322487982
MM1_HSA_K562_NFYB	PKNOX1	0.12661920931721318
MM1_HSA_K562_NR2C1	NR2C1	0.005082256779028181
MM1_HSA_K562_NR2C1	NR2F1	0.017816657535895983
MM1_HSA_K562_NR2F1	NR2F1	0.003551926575639911
MM1_HSA_K562_NR2F1	NR2F2	0.04119093229719447
MM1_HSA_K562_NR2F1	ESRRA	0.05392340177628982
MM1_HSA_K562_NR2F1	JUND	0.05174391358447302
MM1_HSA_K562_NR3C1	MITF	0.005545495699411498
MM1_HSA_K562_NRF1	NRF1	0.020323638852494077
MM1_HSA_K562_NRF1	ZBTB2	0.095684577645903
MM1_HSA_K562_NRF1	MAZ	0.08120171959245003
MM1_HSA_K562_NRF1	E2F4	0.07402143705705355
MM1_HSA_K562_NRF1	GABPB1	0.03929716400580478
MM1_HSA_K562_PBX2	PBX2	0.0019055597787970484
MM1_HSA_K562_PBX2	MEIS2	0.016989382800685317
MM1_HSA_K562_PBX2	PKNOX1	0.0522114967585829
MM1_HSA_K562_PKNOX1	PKNOX1	0.0010243011068785679
MM1_HSA_K562_PKNOX1	PBX2	0.04898622002527124
MM1_HSA_K562_PKNOX1	MEIS2	0.035750811372950025
MM1_HSA_K562_PKNOX1	JUND	0.0311250136442286
MM1_HSA_K562_PKNOX1	NFYB	0.029222644131069054
MM1_HSA_K562_RBM25	RBM25	0.003949486674041927
MM1_HSA_K562_RBM25	ZMYM3	0.012430983341063639
MM1_HSA_K562_RBM25	SMARCA5	0.011772759269135406
MM1_HSA_K562_REST	REST	0.0021430005255018533
MM1_HSA_K562_REST	CTCF	0.05082803995592819
MM1_HSA_K562_RFX1	RFX1	5.06488993862442e-4
MM1_HSA_K562_RFX1	MXI1	0.02219152607054125
MM1_HSA_K562_RFX1	CTCF	0.021247838839508225
MM1_HSA_K562_RFX1	MAZ	0.1359990481856038
MM1_HSA_K562_RFX1	E4F1	0.03554586323551038
MM1_HSA_K562_RUNX1	RUNX1	3.0110636453596848e-5
MM1_HSA_K562_RUNX1	CBFA2T3	0.0014102892919442929
MM1_HSA_K562_RUNX1	GATA1	0.01872576177285318
MM1_HSA_K562_RUNX1	TCF12	0.003401223851165981
MM1_HSA_K562_SIX5	GABPB1	0.0032344286965701576
MM1_HSA_K562_SIX5	E4F1	0.003393345272881516
MM1_HSA_K562_SMARCA5	SMARCA5	0.00795242638985487
MM1_HSA_K562_SMARCA5	ZMYM3	0.06475952697841957
MM1_HSA_K562_SMARCA5	RBM25	0.05189196125343312
MM1_HSA_K562_SPI1	SPI1	0.006299349274131263
MM1_HSA_K562_SPI1	GABPB1	0.09205332032178676
MM1_HSA_K562_SPI1	E4F1	0.10514727965129723
MM1_HSA_K562_SPI1	ELF4	0.14517712090764015
MM1_HSA_K562_SPI1	ELF1	0.14318105925635122
MM1_HSA_K562_SRF	SRF	1.0463907785336351e-4
MM1_HSA_K562_TAL1	CBFA2T3	0.008674155002118506
MM1_HSA_K562_TAL1	GATA1	0.03877869822485208
MM1_HSA_K562_TAL1	FOXM1	0.009073778218790676
MM1_HSA_K562_TCF12	TCF12	0.012792335685730008
MM1_HSA_K562_TCF12	TAL1	0.027525818778006382
MM1_HSA_K562_TCF12	CBFA2T3	0.012622734226886013
MM1_HSA_K562_TCF12	GATA1	0.026391585971405857
MM1_HSA_K562_TCF12	FOXM1	0.009038044409324902
MM1_HSA_K562_USF1	USF1	0.0014595758715169635
MM1_HSA_K562_USF1	USF2	0.024907565091987216
MM1_HSA_K562_USF1	BHLHE40	0.008223502664313799
MM1_HSA_K562_USF1	MAX	0.02160371105386067
MM1_HSA_K562_USF1	NFYB	0.005117434896430686
MM1_HSA_K562_USF2	USF2	0.004625214310312562
MM1_HSA_K562_USF2	USF1	0.005048446620425139
MM1_HSA_K562_USF2	BHLHE40	0.002083048136646934
MM1_HSA_K562_USF2	MITF	0.03960014531599312
MM1_HSA_K562_USF2	MAX	0.003014800825061433
MM1_HSA_K562_VEZF1	VEZF1	0.003616470474265456
MM1_HSA_K562_VEZF1	MAZ	0.015457546316971497
MM1_HSA_K562_VEZF1	E2F4	0.07133723793009167
MM1_HSA_K562_YY1	YY1	3.8903951632146067e-4
MM1_HSA_K562_YY1	MAZ	0.13518968458116923
MM1_HSA_K562_YY1	CTCF	0.029350904568112093
MM1_HSA_K562_YY1	GABPB1	0.08600415328335333
MM1_HSA_K562_YY1	E4F1	0.07991898727221261
MM1_HSA_K562_ZBTB2	ZBTB2	0.024311015721106718
MM1_HSA_K562_ZBTB2	NRF1	0.028860192198212897
MM1_HSA_K562_ZBTB2	MAZ	0.00791268029912927
MM1_HSA_K562_ZBTB2	GABPB1	0.007746360615746083
MM1_HSA_K562_ZBTB2	GABPA	0.007841938457952176
MM1_HSA_K562_ZBTB40	ZBTB40	7.819074269112184e-5
MM1_HSA_K562_ZBTB5	ZBTB5	3.896693457133014e-4
MM1_HSA_K562_ZBTB7A	ZBTB7A	0.0019843275499585884
MM1_HSA_K562_ZFP36	ZFP36	3.325785472134456e-4
MM1_HSA_K562_ZFP91	ZFP91	3.058664193447783e-4
MM1_HSA_K562_ZFX	ZFX	3.1262339179242408e-6
MM1_HSA_K562_ZHX1	ZHX1	0.004162330905306973
MM1_HSA_K562_ZHX1	CTCF	0.004162330905306973
MM1_HSA_K562_ZKSCAN1	ZKSCAN1	1.8830569768173622e-4
MM1_HSA_K562_ZKSCAN8	ZKSCAN8	2.076903536887359e-4
MM1_HSA_K562_ZMYM3	ZMYM3	0.0036512923501135714
MM1_HSA_K562_ZMYM3	RBM25	0.007485773799067518
MM1_HSA_K562_ZMYM3	SMARCA5	0.0042788857803981095
MM1_HSA_K562_ZNF143	ZNF143	0.016235918251532137
MM1_HSA_K562_ZNF143	SIX5	0.046355153304524985
MM1_HSA_K562_ZNF143	CTCF	0.03302966730312067
MM1_HSA_K562_ZNF143	MAZ	0.012634457063878371
MM1_HSA_K562_ZNF148	ZNF148	5.588619280198615e-4
MM1_HSA_K562_ZNF148	MAZ	0.021765908883157613
MM1_HSA_K562_ZNF148	EGR1	0.013377841470741619
MM1_HSA_K562_ZNF184	ZNF184	7.972059770952369e-4
MM1_HSA_K562_ZNF184	AFF1	0.0727227163379039
MM1_HSA_K562_ZNF24	ZNF24	3.239834829975142e-5
MM1_HSA_K562_ZNF24	CTCF	0.009113033857385284
MM1_HSA_K562_ZNF263	ZNF263	2.3046576339886464e-4
MM1_HSA_K562_ZNF316	ZNF316	0.023712896853120464
MM1_HSA_K562_ZNF316	C11orf30	0.0777250998608689
MM1_HSA_K562_ZNF316	MAFG	0.06055802172331916
MM1_HSA_K562_ZNF316	MAFF	0.012412892904235664
MM1_HSA_K562_ZNF316	MAFK	0.010759606308731922
MM1_HSA_K562_ZNF407	ZNF407	3.032543320224655e-4
MM1_HSA_K562_ZNF407	GABPB1	0.02797168837790917
MM1_HSA_K562_ZNF407	E4F1	0.028167636559244952
MM1_HSA_K562_ZNF407	GABPA	0.02594477726228548
MM1_HSA_K562_ZNF592	ZNF592	8.42267119444159e-4
MM1_HSA_K562_ZNF592	YY1	0.022053843710018117
MM1_HSA_K562_ZNF639	MITF	0.0033487654320987718
MM1_HSA_K562_ZNF740	ZNF740	2.841766226895757e-4
MM1_HSA_K562_ZNF75A	ZNF75A	0.0013920147806636867
MM1_HSA_K562_ZNF75A	GABPB1	0.0019043658841653
MM1_HSA_K562_ZNF75A	GABPA	0.008688895152444108
MM1_HSA_K562_ZNF75A	E4F1	0.0208250710555886
MM1_HSA_K562_ZNF75A	ELK1	0.036716985191294065
MM1_HSA_K562_ZSCAN29	ZSCAN29	2.0023600239193524e-4
MM1_HSA_MCF-7_ATF7	ATF7	0.029529111229292502
MM1_HSA_MCF-7_ATF7	CREB1	0.04313917232921815
MM1_HSA_MCF-7_ATF7	FOS	0.12367347013480814
MM1_HSA_MCF-7_ATF7	CEBPB	0.08547062278881458
MM1_HSA_MCF-7_ATF7	GRHL2	0.2027708010815614
MM1_HSA_MCF-7_CEBPB	CEBPB	1.5248801843084574e-4
MM1_HSA_MCF-7_CEBPB	CEBPG	0.0014590718879705868
MM1_HSA_MCF-7_CEBPB	FOS	0.2220977460307974
MM1_HSA_MCF-7_CEBPB	GRHL2	0.13674794633592072
MM1_HSA_MCF-7_CEBPB	TFAP2C	0.13859124219578298
MM1_HSA_MCF-7_CEBPG	CEBPG	0.011977033962869529
MM1_HSA_MCF-7_CEBPG	CEBPB	0.017975794565988804
MM1_HSA_MCF-7_CEBPG	ATF7	0.40905480674539824
MM1_HSA_MCF-7_CEBPG	FOS	0.29679849789724017
MM1_HSA_MCF-7_CEBPG	GRHL2	0.17635577783694129
MM1_HSA_MCF-7_CLOCK	CLOCK	0.0023410902586438707
MM1_HSA_MCF-7_CLOCK	MAX	0.013078598913535536
MM1_HSA_MCF-7_CLOCK	ZNF507	0.013561929178016343
MM1_HSA_MCF-7_CLOCK	SREBF1	0.010760834007678933
MM1_HSA_MCF-7_CLOCK	ELF1	0.008236184087070745
MM1_HSA_MCF-7_CREB1	CREB1	0.0036638870566882567
MM1_HSA_MCF-7_CREB1	ATF7	0.021420087207989928
MM1_HSA_MCF-7_CREB1	FOS	0.08881381654242963
MM1_HSA_MCF-7_CREB1	TFAP2C	0.09766532951664372
MM1_HSA_MCF-7_CREB1	GABPA	0.2797468829277503
MM1_HSA_MCF-7_CTCF	CTCF	0.010655119963252642
MM1_HSA_MCF-7_CTCF	TRIM22	0.05881310048198156
MM1_HSA_MCF-7_CTCF	ZNF444	0.021859584307492748
MM1_HSA_MCF-7_CTCF	TFAP2C	0.001146287192267819
MM1_HSA_MCF-7_CTCF	ZNF143	0.001298779207039352
MM1_HSA_MCF-7_CUX1	CUX1	0.0019373505615263862
MM1_HSA_MCF-7_E2F8	ELF1	0.002844444444444445
MM1_HSA_MCF-7_E2F8	KLF9	0.0026298487836949372
MM1_HSA_MCF-7_EGR1	EGR1	0.0010086459321838326
MM1_HSA_MCF-7_EGR1	KLF9	0.017050464656484864
MM1_HSA_MCF-7_EGR1	TFAP2C	0.0029854532454199538
MM1_HSA_MCF-7_EGR1	ELF1	0.012176805621982043
MM1_HSA_MCF-7_EGR1	MAZ	0.013166440812761575
MM1_HSA_MCF-7_ELF1	ELF1	0.007698840449069534
MM1_HSA_MCF-7_ELF1	GABPA	0.012571895319493818
MM1_HSA_MCF-7_ELF1	ELK1	0.010967513695276963
MM1_HSA_MCF-7_ELF1	ZNF75A	0.009754610577655847
MM1_HSA_MCF-7_ELF1	CTCF	0.004455045381512981
MM1_HSA_MCF-7_ESR1	ESR1	1.323341989389955e-4
MM1_HSA_MCF-7_ESR1	TFAP2C	0.007885296168762027
MM1_HSA_MCF-7_ESR1	NCOA3	0.005393665990407025
MM1_HSA_MCF-7_ESR1	FOS	0.0419218326489328
MM1_HSA_MCF-7_ESR1	NR2F2	0.024751282920517422
MM1_HSA_MCF-7_ESRRA	ESRRA	0.008082546253743585
MM1_HSA_MCF-7_ESRRA	NR2F2	0.08569254013728828
MM1_HSA_MCF-7_FOS	FOS	0.049333880066943434
MM1_HSA_MCF-7_FOS	FOSL2	0.1908050417961209
MM1_HSA_MCF-7_FOS	JUND	0.203304368622449
MM1_HSA_MCF-7_FOS	DPF2	0.1619957135221074
MM1_HSA_MCF-7_FOS	TFAP2C	0.04427102537404215
MM1_HSA_MCF-7_FOSL2	FOSL2	0.004012996490372011
MM1_HSA_MCF-7_FOSL2	FOS	0.005143830753465313
MM1_HSA_MCF-7_FOSL2	JUND	0.0110717335391275
MM1_HSA_MCF-7_FOSL2	DPF2	0.0396881103515625
MM1_HSA_MCF-7_FOSL2	TFAP2C	0.003256581616293686
MM1_HSA_MCF-7_FOXA1	FOXA1	2.607607890199688e-4
MM1_HSA_MCF-7_GABPA	GABPA	0.006175674788965612
MM1_HSA_MCF-7_GABPA	ELF1	0.006175674788965612
MM1_HSA_MCF-7_GABPA	ZNF75A	0.00738033098984409
MM1_HSA_MCF-7_GABPA	ELK1	0.009126895550746252
MM1_HSA_MCF-7_GABPA	KLF9	0.0029311533936468006
MM1_HSA_MCF-7_GATA3	GATA3	1.4811128527126904e-4
MM1_HSA_MCF-7_GRHL2	GRHL2	0.001547268709994615
MM1_HSA_MCF-7_GRHL2	SMARCE1	0.1920468208082711
MM1_HSA_MCF-7_GRHL2	TFAP2C	0.010376312567846487
MM1_HSA_MCF-7_GRHL2	TFAP2A	0.020046559971871172
MM1_HSA_MCF-7_GRHL2	FOS	0.01679552094507464
MM1_HSA_MCF-7_HSF1	HSF1	0.0010137945791434822
MM1_HSA_MCF-7_JUN	DPF2	0.028670729290527146
MM1_HSA_MCF-7_JUND	DPF2	0.01264159969557136
MM1_HSA_MCF-7_JUND	JUN	0.0028995811885225275
MM1_HSA_MCF-7_KLF4	KLF4	0.004218834176987921
MM1_HSA_MCF-7_KLF4	KLF9	0.012063961300725613
MM1_HSA_MCF-7_KLF4	TFAP2C	0.002075806668470959
MM1_HSA_MCF-7_KLF4	TFAP2A	0.006823239717462012
MM1_HSA_MCF-7_KLF4	GRHL2	0.005569061036861079
MM1_HSA_MCF-7_KLF9	KLF9	4.767130872071674e-5
MM1_HSA_MCF-7_KLF9	KLF4	0.009141517870303947
MM1_HSA_MCF-7_KLF9	TFAP2C	0.0026053125144814273
MM1_HSA_MCF-7_KLF9	ELF1	0.008843275085492113
MM1_HSA_MCF-7_KLF9	EGR1	0.008939824747185588
MM1_HSA_MCF-7_MAFK	MAFK	7.474901456748821e-4
MM1_HSA_MCF-7_MAX	MAX	3.5488180629380115e-5
MM1_HSA_MCF-7_MAX	CTCF	0.0019254396348138008
MM1_HSA_MCF-7_MAX	TFAP2C	0.004511985927588852
MM1_HSA_MCF-7_MAX	TFAP2A	0.01211774843912591
MM1_HSA_MCF-7_MAX	FOS	0.01208440219304864
MM1_HSA_MCF-7_NCOA3	NR2F2	0.008560190694056398
MM1_HSA_MCF-7_NCOA3	TFAP2C	0.006369400365514909
MM1_HSA_MCF-7_NFIB	NFIB	0.001534859851727904
MM1_HSA_MCF-7_NFIB	NR5A2	0.06639936877972591
MM1_HSA_MCF-7_NFIB	TFAP2C	0.036556882576271765
MM1_HSA_MCF-7_NFIB	TFAP2A	0.05409324311728556
MM1_HSA_MCF-7_NR2F2	NR2F2	1.60847011377065e-4
MM1_HSA_MCF-7_NR2F2	TFAP2C	0.005623868284367094
MM1_HSA_MCF-7_NR2F2	ESR1	0.005672227449458077
MM1_HSA_MCF-7_NR2F2	FOS	0.018253846540259765
MM1_HSA_MCF-7_NR2F2	GRHL2	0.00785412204097325
MM1_HSA_MCF-7_NR5A2	NR5A2	0.0021171113797669038
MM1_HSA_MCF-7_NR5A2	NFIB	0.0070990540295405346
MM1_HSA_MCF-7_NR5A2	TFAP2C	0.006623810280442623
MM1_HSA_MCF-7_NR5A2	TFAP2A	0.013930444577043758
MM1_HSA_MCF-7_PKNOX1	PKNOX1	2.1249386642128147e-4
MM1_HSA_MCF-7_PKNOX1	FOS	0.02051382271399474
MM1_HSA_MCF-7_PKNOX1	TFAP2C	0.006426720416944255
MM1_HSA_MCF-7_PKNOX1	CTCF	0.02069051642134277
MM1_HSA_MCF-7_REST	REST	3.092783893308094e-4
MM1_HSA_MCF-7_REST	TFAP2C	0.06092823718591084
MM1_HSA_MCF-7_REST	TFAP2A	0.05324679219713131
MM1_HSA_MCF-7_REST	ZNF143	0.01610784632255932
MM1_HSA_MCF-7_REST	CTCF	0.18885012860713446
MM1_HSA_MCF-7_RFX1	RFX1	1.4174636571038986e-4
MM1_HSA_MCF-7_RFX1	TFAP2C	0.04061347882384559
MM1_HSA_MCF-7_RFX1	FOS	0.059376784518746055
MM1_HSA_MCF-7_RFX1	CTCF	0.08574532428921038
MM1_HSA_MCF-7_RFX1	GRHL2	0.040330203902649304
MM1_HSA_MCF-7_RFX5	RFX5	0.0017910642942699092
MM1_HSA_MCF-7_RFX5	RFX1	0.03579140428679985
MM1_HSA_MCF-7_SIX4	SIX4	0.0025852920298913276
MM1_HSA_MCF-7_SMARCE1	SMARCE1	0.009423140198391133
MM1_HSA_MCF-7_SMARCE1	GRHL2	0.004959333465582226
MM1_HSA_MCF-7_SMARCE1	TFAP2C	0.008774295467187372
MM1_HSA_MCF-7_SMARCE1	FOS	0.0028266805881500706
MM1_HSA_MCF-7_SMARCE1	FOSL2	0.0032023315906496005
MM1_HSA_MCF-7_SREBF1	SREBF1	0.015635164031403945
MM1_HSA_MCF-7_SREBF1	ZNF507	0.06227895684861775
MM1_HSA_MCF-7_SREBF1	FOS	0.006277236409177386
MM1_HSA_MCF-7_SREBF1	FOSL2	0.012702366515138872
MM1_HSA_MCF-7_SREBF1	TFAP2C	0.008794632717567483
MM1_HSA_MCF-7_SRF	SRF	1.836123565273371e-4
MM1_HSA_MCF-7_TCF7L2	TCF7L2	0.0015998074568016603
MM1_HSA_MCF-7_TEAD4	TEAD4	1.3626184054045098e-4
MM1_HSA_MCF-7_TFAP2A	TFAP2A	0.010911328300774382
MM1_HSA_MCF-7_TFAP2A	TFAP2C	0.02865857304537354
MM1_HSA_MCF-7_TFAP2A	GRHL2	0.006675152364822327
MM1_HSA_MCF-7_TFAP2A	FOS	0.012466924837413336
MM1_HSA_MCF-7_TFAP2A	CTCF	0.014874649717953861
MM1_HSA_MCF-7_TFAP2C	TFAP2C	0.0026161154856295774
MM1_HSA_MCF-7_TFAP2C	TFAP2A	0.02342048619736778
MM1_HSA_MCF-7_TFAP2C	GRHL2	0.026598061370838533
MM1_HSA_MCF-7_TFAP2C	FOS	0.05326767002631801
MM1_HSA_MCF-7_TFAP2C	CTCF	0.05356529165124699
MM1_HSA_MCF-7_TP53	TP53	5.702596957805891e-4
MM1_HSA_MCF-7_TRIM22	TRIM22	0.0043774857865716615
MM1_HSA_MCF-7_TRIM22	CTCF	0.0043774857865716615
MM1_HSA_MCF-7_ZBTB40	ZBTB40	3.626916304389722e-5
MM1_HSA_MCF-7_ZKSCAN1	ZKSCAN1	5.113127801300822e-4
MM1_HSA_MCF-7_ZNF143	ZNF143	1.5955014570536336e-4
MM1_HSA_MCF-7_ZNF143	CTCF	0.013511877086455293
MM1_HSA_MCF-7_ZNF143	TFAP2C	0.005264513859369704
MM1_HSA_MCF-7_ZNF143	GRHL2	0.009844554587171817
MM1_HSA_MCF-7_ZNF143	TFAP2A	0.010023609219919117
MM1_HSA_MCF-7_ZNF24	ZNF24	1.2122559174215527e-4
MM1_HSA_MCF-7_ZNF24	CTCF	0.019494506128457816
MM1_HSA_MCF-7_ZNF444	ZNF444	0.007191998901222391
MM1_HSA_MCF-7_ZNF444	CTCF	0.007191998901222391
MM1_HSA_MCF-7_ZNF444	TRIM22	0.0026164140736913023
MM1_HSA_MCF-7_ZNF507	ZNF507	0.004474703784684792
MM1_HSA_MCF-7_ZNF507	SREBF1	0.021580390007048315
MM1_HSA_MCF-7_ZNF507	MAX	0.011614248654216995
MM1_HSA_MCF-7_ZNF507	ZNF143	0.019505175529137962
MM1_HSA_MCF-7_ZNF507	ELF1	0.008264462809917356
MM1_HSA_MCF-7_ZNF574	GABPA	0.002921840759678598
MM1_HSA_MCF-7_ZNF574	ZNF75A	0.0027126736111111106
MM1_HSA_MCF-7_ZNF574	ELF1	0.0034602076124567475
MM1_HSA_MCF-7_ZNF75A	ZNF75A	0.004013021846399541
MM1_HSA_MCF-7_ZNF75A	GABPA	0.004013021846399541
MM1_HSA_MCF-7_ZSCAN2	ZSCAN2	9.399855468375252e-5
MM1_HSA_SK-N-SH_CTCF	CTCF	1.5483477204376877e-6
MM1_HSA_SK-N-SH_CTCF	NFIC	0.006650889724291677
MM1_HSA_SK-N-SH_CTCF	FOSL2	0.011035228746846204
MM1_HSA_SK-N-SH_CTCF	YY1	0.023462922994124676
MM1_HSA_SK-N-SH_CTCF	ELF1	0.021567973005547796
MM1_HSA_SK-N-SH_ELF1	ELF1	0.005898972513266276
MM1_HSA_SK-N-SH_ELF1	GABPA	0.012916081857461476
MM1_HSA_SK-N-SH_ELF1	YY1	0.011282993615942167
MM1_HSA_SK-N-SH_ELF1	NRF1	0.003957109725427684
MM1_HSA_SK-N-SH_ELF1	CTCF	0.00597086005657409
MM1_HSA_SK-N-SH_FOSL2	FOSL2	0.01105448219995684
MM1_HSA_SK-N-SH_FOSL2	JUND	0.01812454654405836
MM1_HSA_SK-N-SH_FOSL2	NFIC	0.018428572670529112
MM1_HSA_SK-N-SH_FOSL2	TCF12	0.003493223331061434
MM1_HSA_SK-N-SH_FOSL2	TEAD4	0.014496207313385176
MM1_HSA_SK-N-SH_GABPA	GABPA	0.009201664069186417
MM1_HSA_SK-N-SH_GABPA	ELF1	0.024813362000617633
MM1_HSA_SK-N-SH_GABPA	YY1	0.019061614632310316
MM1_HSA_SK-N-SH_GABPA	NRF1	0.004837844385994987
MM1_HSA_SK-N-SH_GABPA	TAF1	0.018815752047017825
MM1_HSA_SK-N-SH_IRF3	IRF3	3.0515305089409917e-4
MM1_HSA_SK-N-SH_IRF3	ELF1	0.007830424757050546
MM1_HSA_SK-N-SH_IRF3	GABPA	0.0071638446949224156
MM1_HSA_SK-N-SH_IRF3	YY1	0.006884817475838918
MM1_HSA_SK-N-SH_IRF3	NRF1	0.0025407470895372803
MM1_HSA_SK-N-SH_JUND	JUND	0.005229610354180849
MM1_HSA_SK-N-SH_JUND	FOSL2	0.006553599043153582
MM1_HSA_SK-N-SH_JUND	NFIC	0.0036468895747084934
MM1_HSA_SK-N-SH_JUND	TCF12	0.001749613383293188
MM1_HSA_SK-N-SH_JUND	TEAD4	0.0042386861488175245
MM1_HSA_SK-N-SH_MAX	MAX	0.05841670491482766
MM1_HSA_SK-N-SH_MAX	MXI1	0.23557819672641134
MM1_HSA_SK-N-SH_MAX	FOSL2	0.03631500669456521
MM1_HSA_SK-N-SH_MAX	JUND	0.04003616624669447
MM1_HSA_SK-N-SH_MAX	USF1	0.009214548307014871
MM1_HSA_SK-N-SH_MXI1	MXI1	0.010399913282644908
MM1_HSA_SK-N-SH_MXI1	MAX	0.1408005353678794
MM1_HSA_SK-N-SH_MXI1	USF1	0.10977110111180445
MM1_HSA_SK-N-SH_MXI1	USF2	0.06085782789111807
MM1_HSA_SK-N-SH_MXI1	CTCF	0.06373971983176718
MM1_HSA_SK-N-SH_NFIC	NFIC	1.486278547718755e-4
MM1_HSA_SK-N-SH_NFIC	FOSL2	0.00774108353721283
MM1_HSA_SK-N-SH_NFIC	JUND	0.006983141110954877
MM1_HSA_SK-N-SH_NFIC	TCF12	0.0035040370806051304
MM1_HSA_SK-N-SH_NRF1	NRF1	2.5266074281164193e-4
MM1_HSA_SK-N-SH_NRF1	GABPA	0.013553361565783758
MM1_HSA_SK-N-SH_NRF1	YY1	0.011922509594805926
MM1_HSA_SK-N-SH_NRF1	ELF1	0.018370995505632176
MM1_HSA_SK-N-SH_NRF1	TAF1	0.014825980184908369
MM1_HSA_SK-N-SH_REST	REST	7.053369193281014e-5
MM1_HSA_SK-N-SH_RFX5	RFX5	0.0014866829401848228
MM1_HSA_SK-N-SH_TAF1	TAF1	0.006673556537978382
MM1_HSA_SK-N-SH_TAF1	YY1	0.008969444032267772
MM1_HSA_SK-N-SH_TAF1	GABPA	0.003862236266717737
MM1_HSA_SK-N-SH_TAF1	ELF1	0.0039913201006138484
MM1_HSA_SK-N-SH_TAF1	NRF1	0.00390625
MM1_HSA_SK-N-SH_USF1	USF1	0.0355293230905472
MM1_HSA_SK-N-SH_USF1	USF2	0.11486496071436568
MM1_HSA_SK-N-SH_USF1	MXI1	0.08689847571374955
MM1_HSA_SK-N-SH_USF1	FOSL2	0.006978572073552528
MM1_HSA_SK-N-SH_USF1	JUND	0.0047640028628602536
MM1_HSA_SK-N-SH_USF2	USF2	0.04242057448159305
MM1_HSA_SK-N-SH_USF2	USF1	0.05226098802668402
MM1_HSA_SK-N-SH_USF2	MXI1	0.01415284939414442
MM1_HSA_SK-N-SH_USF2	MAX	0.012171640922405467
MM1_HSA_SK-N-SH_USF2	YY1	0.03114606035713022
MM1_HSA_SK-N-SH_YY1	YY1	0.031764950402145144
MM1_HSA_SK-N-SH_YY1	TAF1	0.14315842334140136
MM1_HSA_SK-N-SH_YY1	GABPA	0.026739717574441227
MM1_HSA_SK-N-SH_YY1	NRF1	0.0274053482321063
MM1_HSA_SK-N-SH_YY1	ELF1	0.04552674126849951
MM1_HSA_SK-N-SH_ZBTB33	ZBTB33	1.8693691673825764e-4
MM1_HSA_SK-N-SH_ZBTB33	GABPA	0.011748740769719792
MM1_HSA_SK-N-SH_ZBTB33	ELF1	0.011001943321708896
MM1_HSA_SK-N-SH_ZBTB33	NRF1	0.0024038613978398524
MM1_HSA_SK-N-SH_ZBTB33	YY1	0.0029952721950969132
